owner	name	title	url_x	fixUrl
CyanideCN	PyCINRAD	‰ΩøÁî®datetime Â§ÑÁêÜÊï∞ÊçÆÊó∂Èó¥Êó∂ÊúÄÂ•ΩÂ∏¶‰∏äÊó∂Âå∫‰ø°ÊÅØ	https://github.com/CyanideCN/PyCINRAD/issues/101	https://github.com/CyanideCN/PyCINRAD/pull/102
python-humanize	humanize	naturaldelta failing with float input and sub-second precision	https://github.com/python-humanize/humanize/issues/154	https://github.com/python-humanize/humanize/pull/169
sdispater	pendulum	int_timestamp returns different values than timestamp()	https://github.com/sdispater/pendulum/issues/282	https://github.com/sdispater/pendulum/pull/296
FreeOpcUa	python-opcua	win_epoch_to_datetime: integer division rounding error	https://github.com/FreeOpcUa/python-opcua/issues/1007	https://github.com/FreeOpcUa/python-opcua/pull/1008
mosquito	aio-pika	Deprecation warnings about datetime.utcnow and datetime.utcfromtimestamp	https://github.com/mosquito/aio-pika/issues/609	https://github.com/mosquito/aio-pika/pull/610
python-poetry	tomlkit	datetime.utcnow and datetime.utcfromtimestamp are deprecated in Python 3.12	https://github.com/python-poetry/tomlkit/issues/297	https://github.com/python-poetry/tomlkit/commit/3a99b5ba982ae80d7f5ba93805165780c8e326d8
frictionlessdata	frictionless-py	SpssParser ignores timezones	https://github.com/frictionlessdata/frictionless-py/issues/1212	https://github.com/frictionlessdata/frictionless-py/pull/1431
borgbackup	borg	Placeholders {now} and {utcnow} are replaced with timestamps microseconds apart	https://github.com/borgbackup/borg/issues/3548	https://github.com/milkey-mouse/borg/commit/64793d5c15085dca5098abaa48ba638211a26314
FreeOpcUa	python-opcua	Incorrect conversion NT time <-> datetime with timezone != UTC	https://github.com/FreeOpcUa/python-opcua/issues/965	https://github.com/FreeOpcUa/python-opcua/pull/966
sdispater	pendulum	Deepcopy of Month-based Duration produces a different duration	https://github.com/sdispater/pendulum/issues/714	https://github.com/sdispater/pendulum/commit/9590c651c5c5ff3bec064abc7aaf270c0c6f5cee
python	typeshed	py2 pytz.UTC issue	https://github.com/python/typeshed/issues/710	https://github.com/rowillia/typeshed/commit/e4929f4b599f2a5dce2a4eef2e680a3cc5fac08a
googleapis	python-storage	`DeprecationWarning` warning in build log for python 3.12 `datetime.datetime.utcnow() is deprecated`	https://github.com/googleapis/python-storage/issues/1194	https://github.com/googleapis/python-storage/commit/dbe4bb1e7b80720943197410566b8bd28e2c1b4e
bsolomon1124	demoji	demji returns local datetime as utc datetime	https://github.com/bsolomon1124/demoji/issues/15	https://github.com/bsolomon1124/demoji/commit/06aab2bb80775d1495f2d1c90e8e2d74e3815568
googleapis	python-logging	`DeprecationWarning` warning in build log for python 3.12 `datetime.datetime.utcfromtimestamp() is deprecated`	https://github.com/googleapis/python-logging/issues/818	https://github.com/googleapis/python-logging/pull/824
IATkachenko	HA-YandexWeather	–î–æ–±–∞–≤–∏—Ç—å –≤ `datetime` –ø—Ä–æ–≥–Ω–æ–∑–∞ time –∑–æ–Ω—É	https://github.com/IATkachenko/HA-YandexWeather/issues/98	https://github.com/IATkachenko/HA-YandexWeather/pull/113
googleapis	proto-plus-python	Remove usage of datetime.datetime.utcfromtimestamp() which is deprecated in python 3.12	https://github.com/googleapis/proto-plus-python/issues/401	https://github.com/googleapis/proto-plus-python/pull/400
sdispater	pendulum	week_of_month in pendulum_parse for Timestamp '2021-01-15 14:00:00' returns -50	https://github.com/sdispater/pendulum/issues/587	https://github.com/sdispater/pendulum/commit/84497bb2cab964be0a470596e21eade6d64a7846
sdispater	pendulum	week_of_month in pendulum_parse for Timestamp '2021-01-15 14:00:00' returns -50	https://github.com/sdispater/pendulum/issues/587	https://github.com/sdispater/pendulum/pull/588
pydantic	pydantic-extra-types	Pendulum `DateTime` wrapper losing `tz` and `timezone` values in 2.8.1	https://github.com/pydantic/pydantic-extra-types/issues/188	https://github.com/PrefectHQ/prefect/commit/641c025e5ba5f76df8632226cc81ebadd67317b1
moinwiki	moin	datetime.utcfromtimestamp() and .utcnow() are deprecated	https://github.com/moinwiki/moin/issues/1675	https://github.com/moinwiki/moin/pull/1677
semuconsulting	pyubx2	GPS-UTC Offset	https://github.com/semuconsulting/pyubx2/issues/45	https://github.com/semuconsulting/pyubx2/commit/541c554a12c015f25f97862757ba5b1cb5b1f397
kiorky	croniter	datetime.utcnow and datetime.utcfromtimestamp are deprecated in Python 3.12	https://github.com/kiorky/croniter/issues/49	https://github.com/kiorky/croniter/pull/52
feast-dev	feast	Retire/update the datetime.utcnow() function	https://github.com/feast-dev/feast/issues/4240	https://github.com/feast-dev/feast/pull/4305
Alexey-T	CudaText	How to [un]fold in control 'editor' w/o mouse?	https://github.com/Alexey-T/CudaText/issues/1491	https://github.com/Alexey-T/CudaText/commit/c69fe76724c17ddc516f0daaed9dc33213f9e5f6
sdispater	pendulum	Default timezone isn't utc?	https://github.com/sdispater/pendulum/issues/171	https://github.com/sdispater/pendulum/pull/172
ecederstrand	exchangelib	EWSDateTime.fromtimestamp returns datetime object	https://github.com/ecederstrand/exchangelib/issues/532	https://github.com/ecederstrand/exchangelib/commit/009e39e82776f4be1a575b78ad4f974a4bd31b6c
googleapis	google-cloud-python	gcloud.datastore.helpers.get_value_from_protobuf() returns naive datetimes	https://github.com/googleapis/google-cloud-python/issues/131	https://github.com/googleapis/google-cloud-python/pull/181
iommirocks	iommi	datetime rendered always in UTC - Form and Table	https://github.com/iommirocks/iommi/issues/463	https://github.com/iommirocks/iommi/pull/464
sdispater	pendulum	DateTime.add(duration)	https://github.com/sdispater/pendulum/issues/323	https://github.com/gridsingularity/gsy-e/pull/1463
mverleg	pyjson_tricks	Invalid datetime decoding	https://github.com/mverleg/pyjson_tricks/issues/41	https://github.com/mverleg/pyjson_tricks/commit/3fda9791a8bb39f966ae4e88e9e9555f2646917e
google	timesketch	Update FormatTimestamp filter to handle nanosecond precision timestamps	https://github.com/google/timesketch/issues/2093	https://github.com/google/timesketch/pull/2132
Bears-R-Us	arkouda	datetime columns in dataframe display bug	https://github.com/Bears-R-Us/arkouda/issues/2596	https://github.com/stress-tess/arkouda/commit/e7eb559ba6de05c33859804b552bc016e964e76c
freach	udatetime	Mismatch in behavior between C and PyPy version when converting datetime to string	https://github.com/freach/udatetime/issues/14	https://github.com/freach/udatetime/commit/08f95c233188a6a3d316e9905cfb3379278376f5
dateutil	dateutil	last day of the month is wrong??	https://github.com/dateutil/dateutil/issues/1167	https://github.com/dateutil/dateutil/pull/1170
dateutil	dateutil	last day of the month is wrong??	https://github.com/dateutil/dateutil/issues/1167	https://github.com/dateutil/dateutil/pull/1168
python	typeshed	Invalid typing for datetime.timedelta.__init__?	https://github.com/python/typeshed/issues/5529	https://github.com/python/typeshed/pull/5532
kayak	pypika	Interval produces invalid sql for units with 0 values	https://github.com/kayak/pypika/issues/389	https://github.com/kayak/pypika/pull/391
sharebook-kr	pykrx	get_business_days	https://github.com/sharebook-kr/pykrx/issues/48	https://github.com/sharebook-kr/pykrx/commit/a95fa72e53d237ac58ef8a047e96217c43f97673
python	typeshed	tzinfo vs. timestamp type for timezone.utc	https://github.com/python/typeshed/issues/567	https://github.com/python/typeshed/pull/568
vacanza	python-holidays	Value Error when setting years	https://github.com/vacanza/python-holidays/issues/527	https://github.com/vacanza/python-holidays/pull/528
jupyter-server	jupyter_server	datetime.datetime.utcnow() and datetime.datetime.utcfromtimestamp() are deprecated in Python 3.12	https://github.com/jupyter-server/jupyter_server/issues/1296	https://github.com/jupyter-server/jupyter_server/pull/1353
tobymao	sqlglot	DuckDB STRFTIME arguments incorrectly ordered 	https://github.com/tobymao/sqlglot/issues/3240	https://github.com/tobymao/sqlglot/pull/3242
vacanza	python-holidays	Mississippi Holiday - Confederate Memorial Day - Calculation incorrect	https://github.com/vacanza/python-holidays/issues/1774	https://github.com/vacanza/python-holidays/pull/1775
websauna	websauna	UTCDateTime timezone usage is incorrect	https://github.com/websauna/websauna/issues/162	https://github.com/websauna/websauna/commit/2be09f0b50d03590b5ff848247adf5a09af5224a
seandstewart	typical	[Bug]: transmute truncate datetime	https://github.com/seandstewart/typical/issues/49	https://github.com/seandstewart/typical/commit/5a1e210bd2c8e00335e41dcce818de1701ae489f
wagtail	django-modelcluster	Serialised datetimes are not timezone aware	https://github.com/wagtail/django-modelcluster/issues/10	https://github.com/wagtail/wagtail/pull/494
seandstewart	typical	transmute from datetime.datetime -> pendulum.Datetime not handling tzinfo right	https://github.com/seandstewart/typical/issues/91	https://github.com/seandstewart/typical/pull/92
mverleg	pyjson_tricks	Ambiguous timezone info in datetime	https://github.com/mverleg/pyjson_tricks/issues/89	https://github.com/mverleg/pyjson_tricks/commit/b3e0b9e682a81b6d6e327cd114a85e70d697441c
ibis-project	ibis	bug: bigquery TIMESTAMP type can support timezone	https://github.com/ibis-project/ibis/issues/6143	https://github.com/ibis-project/ibis/pull/6144
Yelp	elastalert	WARNING:root:Expected str timestamp, got datetime	https://github.com/Yelp/elastalert/issues/1629	https://github.com/Yelp/elastalert/pull/1630
ibis-project	ibis	ENH: Support timestamp, date, and time arithmetic	https://github.com/ibis-project/ibis/issues/1228	https://github.com/ibis-project/ibis/pull/1243
vacanza	python-holidays	Use `timedelta` for days offset calculation	https://github.com/vacanza/python-holidays/issues/891	https://github.com/vacanza/python-holidays/pull/900
freach	udatetime	Timestamp conversion does not handle daylight time	https://github.com/freach/udatetime/issues/10	https://github.com/SkyTruth/udatetime/commit/a72ff2e3fa8af3ed86364001058ae1b8a2602acd
thombashi	DateTimeRange	Daylight Savings Time	https://github.com/thombashi/DateTimeRange/issues/8	https://github.com/thombashi/DateTimeRange/commit/35245525cfa109bc91443c312fac04c7e4f17c69
sdispater	pendulum	[bug] week_of_month is incorrect	https://github.com/sdispater/pendulum/issues/438	https://github.com/sdispater/pendulum/commit/84497bb2cab964be0a470596e21eade6d64a7846
timvink	mkdocs-git-revision-date-localized-plugin	DeprecationWarning: datetime.datetime.utcfromtimestamp() is deprecated and scheduled for removal in a future version	https://github.com/timvink/mkdocs-git-revision-date-localized-plugin/issues/121	https://github.com/timvink/mkdocs-git-revision-date-localized-plugin/commit/4bf713aaa410ce8a79572545129656b59cc8f5bc
sintel-dev	Orion	Converting timestamp to datetime in Azure primitive	https://github.com/sintel-dev/Orion/issues/123	https://github.com/sintel-dev/Orion/pull/125
stringertheory	traces	[WIP] set_interval problems when dealing with hours	https://github.com/stringertheory/traces/issues/217	https://github.com/xeor/traces/commit/855af12f53c892131a1adb9ce6429a24dfd32d1a
cockroachdb	django-cockroachdb	DATE_TRUNC result is incorrectly localized when a timezone is set	https://github.com/cockroachdb/django-cockroachdb/issues/32	https://github.com/timgraham/django-cockroachdb/commit/07b558032be49d9f8da18bffa36d954d8cacd0cc
googleapis	google-auth-library-python	utcnow is deprecated in python 3.12	https://github.com/googleapis/google-auth-library-python/issues/1399	https://github.com/googleapis/google-auth-library-python/pull/1413
pallets	quart	DeprecationWarning: datetime.datetime.utcnow() is deprecated and scheduled for removal in a future version. Use timezone-aware objects to represent datetimes in UTC: datetime.datetime.now(datetime.UTC).	https://github.com/pallets/quart/issues/305	https://github.com/pallets/quart/pull/306
ecederstrand	exchangelib	EWSDateTime and EWSTimeZone do not support dateutil.tz timezone	https://github.com/ecederstrand/exchangelib/issues/717	https://github.com/ecederstrand/exchangelib/commit/a1fcd09fc546826dfb8c8f4dff117e51699ad757
sdispater	pendulum	Cannot check == between Period and timedelta	https://github.com/sdispater/pendulum/issues/421	https://github.com/sdispater/pendulum/pull/427
scrapinghub	dateparser	search_dates neglects timezone information	https://github.com/scrapinghub/dateparser/issues/488	https://github.com/scrapinghub/dateparser/pull/544
vacanza	python-holidays	US Holidays Error: dictionary changed during iteration when passing years to holidays.US constructor	https://github.com/vacanza/python-holidays/issues/569	https://github.com/vacanza/python-holidays/pull/586
ibis-project	ibis	BUG: OmniSciDB Millisecond extraction doesn't work	https://github.com/ibis-project/ibis/issues/2167	https://github.com/ibis-project/ibis/pull/2170
BeanieODM	beanie	Custom encoders encode `datetime.datetime` as `datetime.date` encoder.	https://github.com/BeanieODM/beanie/issues/271	https://github.com/BeanieODM/beanie/pull/164
snowflakedb	snowflake-connector-python	SNOW-582728: Invalid Pyarrow Timestamps Returned	https://github.com/snowflakedb/snowflake-connector-python/issues/1108	https://github.com/snowflakedb/snowflake-connector-python/pull/1104
dsmrreader	dsmr-reader	Explore timezone.localtime() as replacement for datetime.astimezone()	https://github.com/dsmrreader/dsmr-reader/issues/50	https://github.com/dsmrreader/dsmr-reader/commit/efcbb7f49d9ba22183aa04f6844c4261c6e2ff89
edgedb	edgedb	Fix std::duration and add cal::relativedelta	https://github.com/edgedb/edgedb/issues/903	https://github.com/edgedb/edgedb-js/pull/87
googleapis	python-storage	generate_signed_post_policy_v4() improperly handles expiration timestamps with tzinfo=None	https://github.com/googleapis/python-storage/issues/244	https://github.com/googleapis/python-storage/pull/250
apache	airflow	DateTimeSensorAsync breaks if target_time is timezone-aware	https://github.com/apache/airflow/issues/29576	https://github.com/apache/airflow/pull/29606
thombashi	DateTimeRange	Substraction from `end_datetime` with negative `relativedelta(days=-3, weeks=-2, ... )` ?	https://github.com/thombashi/DateTimeRange/issues/44	https://github.com/thombashi/DateTimeRange/commit/f474ba53721b7f3b61b4ebf6091861b1ad95c8af
oceanprotocol	ocean.py	Add timezone-awareness to datetime objects	https://github.com/oceanprotocol/ocean.py/issues/1410	https://github.com/oceanprotocol/ocean.py/pull/1409
googleapis	python-bigquery-sqlalchemy	"Time partitioning on DATE column fails with type_=""DAY"""	https://github.com/googleapis/python-bigquery-sqlalchemy/issues/1056	https://github.com/googleapis/python-bigquery-sqlalchemy/pull/1057
seleniumbase	SeleniumBase	Log time offset didn't account for Daylight Savings	https://github.com/seleniumbase/SeleniumBase/issues/1809	https://github.com/seleniumbase/SeleniumBase/pull/1810
tobymao	sqlglot	Postgres interval not formatted correctly	https://github.com/tobymao/sqlglot/issues/1649	https://github.com/tobymao/sqlglot/pull/1651
mymarilyn	clickhouse-driver	Parameters in SELECT queries do not support the timezone in date, datetime	https://github.com/mymarilyn/clickhouse-driver/issues/268	https://github.com/mymarilyn/clickhouse-driver/commit/8b8bdb6fe2b46d93f1107a34e3dc306d85fe7dfd
GenericMappingTools	pygmt	The command to  extract GMT-equivalent commands needs revision for GMT >= 6.4.0	https://github.com/GenericMappingTools/pygmt/issues/2416	https://github.com/GenericMappingTools/pygmt/pull/2561
danielgtaylor	python-betterproto	Inconsistancy between Timestamp field serailized via protobuf and json	https://github.com/danielgtaylor/python-betterproto/issues/467	https://github.com/danielgtaylor/python-betterproto/pull/468
census-instrumentation	opencensus-python	Standardize timestamps	https://github.com/census-instrumentation/opencensus-python/issues/502	https://github.com/census-instrumentation/opencensus-python/pull/552
grafana	oncall	Timezone issues on Schedules page	https://github.com/grafana/oncall/issues/3576	https://github.com/grafana/oncall/pull/3618
richardpenman	whois	Expiration date for .com.ua zone is a string instead of datetime	https://github.com/richardpenman/whois/issues/221	https://github.com/richardpenman/whois/pull/226
airbytehq	airbyte	DatetimeBasedCursor to support timezones other than UTC	https://github.com/airbytehq/airbyte/issues/25646	https://github.com/airbytehq/airbyte/commit/efc3b69b66cb095fe9c0641b1839ac4bcf8cf77a
insightindustry	validator-collection	validators.datetime() does not handle ISO-8601 compliant offsets correctly	https://github.com/insightindustry/validator-collection/issues/21	https://github.com/insightindustry/validator-collection/commit/fdc57312b3c3b9050d9ab8bd21b307bf1d08b43e
robotframework	robotframework	DateTime library uses deprecated `datetime.utcnow()`	https://github.com/robotframework/robotframework/issues/4980	https://github.com/robotframework/robotframework/commit/da743aa25382c77a7d78f97b61937a132ac775c0
sdispater	pendulum	Increase DateTime by 1 day across daylight saving change point fails	https://github.com/sdispater/pendulum/issues/768	https://github.com/sdispater/pendulum/commit/47c92b7cea3139ed631a573425f39c1c8b54ea6a
frictionlessdata	frictionless-py	Exception on pandas parser when using a datetime column containing timezone information as index 	https://github.com/frictionlessdata/frictionless-py/issues/1105	https://github.com/frictionlessdata/frictionless-py/pull/1101
Election-Tech-Initiative	electionguard-python	üêõ Datetime tick generation is inconsistent	https://github.com/Election-Tech-Initiative/electionguard-python/issues/190	https://github.com/Election-Tech-Initiative/electionguard-python/pull/189
fsspec	filesystem_spec	datetime.utcnow() is deprecated	https://github.com/fsspec/filesystem_spec/issues/1312	https://github.com/fsspec/filesystem_spec/pull/1314
python	typeshed	`fold` arguments for datetime/time added in Python 3.6 is not supported	https://github.com/python/typeshed/issues/2448	https://github.com/kitsuyui/typeshed/pull/1
kennethreitz	maya	`datetime()` always setting tz to UTC even if `to_timezone` says otherwise	https://github.com/kennethreitz/maya/issues/19	https://github.com/kennethreitz/maya/commit/8af92bc33ce0bd0f264396bf3823416357f8c749
scrapinghub	dateparser	Pickling DateTime Objects with Timezones	https://github.com/scrapinghub/dateparser/issues/365	https://github.com/scrapinghub/dateparser/pull/366
robotframework	robotframework	DateTime: `Get Current Date` with epoch format and timezone UTC return wrong value	https://github.com/robotframework/robotframework/issues/3306	https://github.com/robotframework/robotframework/commit/73d9a6cdead85001fae46d54705f3baf5887ffbd
requests-cache	aiohttp-client-cache	`datetime.utcnow` is deprecated	https://github.com/requests-cache/aiohttp-client-cache/issues/237	https://github.com/requests-cache/aiohttp-client-cache/pull/243
scrapinghub	dateparser	Dateparser returning timezone aware datetime depending on existence of date_format arg (with any value)	https://github.com/scrapinghub/dateparser/issues/11	https://github.com/scrapinghub/dateparser/pull/18
kayak	pypika	Interval query trims right zeros for integer values	https://github.com/kayak/pypika/issues/152	https://github.com/kayak/pypika/commit/40709f4088f596152f2fe395a403baef90d8d2a2
alltheplaces	alltheplaces	Daylight Donuts	https://github.com/alltheplaces/alltheplaces/issues/941	https://github.com/alltheplaces/alltheplaces/pull/7645
stringertheory	traces	wrong value when assigning twice the same interval	https://github.com/stringertheory/traces/issues/222	https://github.com/sdementen/traces/commit/b00c82b5f2e927ad1158d8ffc6344596f2531656
dateutil	dateutil	Error when creating datetime.time with dateutil.tz.tzwinlocal	https://github.com/dateutil/dateutil/issues/216	https://github.com/dateutil/dateutil/pull/219
forseti-security	forseti-security	Standardize on a datetime format and use throughout.	https://github.com/forseti-security/forseti-security/issues/1163	https://github.com/forseti-security/forseti-security/pull/1196
facetoe	zenpy	IncrementalEndpoint start_time arg for timezone aware datetime	https://github.com/facetoe/zenpy/issues/86	https://github.com/facetoe/zenpy/commit/8a135b0d56f7add8c33dbf91f55d9c5ce9868619
pydantic	pydantic-extra-types	pendulum DateTime type doesn't accept python standard datetime	https://github.com/pydantic/pydantic-extra-types/issues/139	https://github.com/pydantic/pydantic-extra-types/pull/158
schireson	pytest-mock-resources	sqlite loses timezone awareness	https://github.com/schireson/pytest-mock-resources/issues/29	https://github.com/schireson/pytest-mock-resources/pull/69
kennethreitz	maya	Support year_first=False in parse	https://github.com/kennethreitz/maya/issues/102	https://github.com/kennethreitz/maya/commit/93152fa7f4092e93e99177f6f37520e203c1c2e1
PrefectHQ	prefect	Prefect datetimes need to be timezone-aware (especially schedules)	https://github.com/PrefectHQ/prefect/issues/308	https://github.com/PrefectHQ/prefect/pull/325
milvus-io	pymilvus	[FEATURE]: Add util functions to manipulate hybrid timestamp	https://github.com/milvus-io/pymilvus/issues/830	https://github.com/milvus-io/pymilvus/pull/831
python-telegram-bot	python-telegram-bot	job_queue.run_daily fails for timezone aware datetime.datetime objects	https://github.com/python-telegram-bot/python-telegram-bot/issues/1409	https://github.com/torresjrjr/python-telegram-bot/commit/41c5469073b0c3303f4c377847317e7cfe6b3c90
sdispater	pendulum	Extra second prior to Dec 13, 1901	https://github.com/sdispater/pendulum/issues/152	https://github.com/sdispater/pendulum/commit/c0d37bd7823ae67367a5662e1da29585a2b7ef96
OpenBB-finance	OpenBBTerminal	"[Bug] Portfolio/Bench - Error ""[Timestamp('2023-01-16 00:00:00')] not in index"""	https://github.com/OpenBB-finance/OpenBBTerminal/issues/4201	https://github.com/OpenBB-finance/OpenBBTerminal/pull/4218
ionelmc	pytest-benchmark	`datetime.utcnow()` deprecated in Python 3.12	https://github.com/ionelmc/pytest-benchmark/issues/240	https://github.com/qutebrowser/qutebrowser/commit/15e7d5c6b14c1c05dbd5a7f44851cee49c859de4
sdispater	pendulum	parse 'Z' timezone designator in iso8601 strings as Timezone('UTC'), not Timezone('+00:00')	https://github.com/sdispater/pendulum/issues/441	https://github.com/sdispater/pendulum/pull/448
dateutil	dateutil	python-dateutil 2.7.0: TypeError in `parser.parse()`	https://github.com/dateutil/dateutil/issues/639	https://github.com/privacyidea/privacyidea/pull/1084
google	timesketch	Timestamp is not added if missing despite datetime being present	https://github.com/google/timesketch/issues/2667	https://github.com/google/timesketch/pull/2668
scrapinghub	dateparser	Unable to parse UTC / GMT >= 10	https://github.com/scrapinghub/dateparser/issues/615	https://github.com/scrapinghub/dateparser/pull/632
Altinity	clickhouse-sink-connector	DateTime with scale mapping to CH	https://github.com/Altinity/clickhouse-sink-connector/issues/118	https://github.com/Altinity/clickhouse-sink-connector/pull/126
aimhubio	aim	Store and retrieve all datetime objects and timestamps as UTC tz-aware times	https://github.com/aimhubio/aim/issues/1084	https://github.com/aimhubio/aim/pull/1216
sdispater	pendulum	timestamp with miliseconds	https://github.com/sdispater/pendulum/issues/222	https://github.com/sdispater/pendulum/pull/679
trim21	transmission-rpc	Make datetime values timezone-aware	https://github.com/trim21/transmission-rpc/issues/93	https://github.com/trim21/transmission-rpc/pull/97
ecederstrand	exchangelib	EWSTimeZone disguises pytz.AmbiguousTimeError and pytz.NonExistentTimeError exceptions	https://github.com/ecederstrand/exchangelib/issues/612	https://github.com/ecederstrand/exchangelib/pull/613
amazon-ion	ion-python	Better way to calculate timestamp's UTC offset in C extension	https://github.com/amazon-ion/ion-python/issues/225	https://github.com/amazon-ion/ion-python/pull/222
reddit	baseplate.py	UTCNow: Deprecation issue in baseplate-shell	https://github.com/reddit/baseplate.py/issues/893	https://github.com/reddit/baseplate.py/pull/895
tobymao	sqlglot	Interval parsing does not meet expectations	https://github.com/tobymao/sqlglot/issues/2154	https://github.com/tobymao/sqlglot/pull/2157
voxel51	fiftyone	[FR] Make App respect `fo.config.timezone` setting	https://github.com/voxel51/fiftyone/issues/1335	https://github.com/voxel51/fiftyone/pull/1222
dateutil	dateutil	Going from winter- to summertime by adding a timedelta	https://github.com/dateutil/dateutil/issues/1204	https://github.com/CodingPirates/forenings_medlemmer/pull/782
MasoniteFramework	orm	update a model with `DateTime` field  using `pendulum.now()`	https://github.com/MasoniteFramework/orm/issues/755	https://github.com/MasoniteFramework/orm/pull/768
RhetTbull	osxmetadata	bug: timezone not handled properly	https://github.com/RhetTbull/osxmetadata/issues/17	https://github.com/RhetTbull/osxmetadata/commit/10e17d562be6b43d9ab348c464cda9a9bdaaac82
swar	Swar-Chia-Plot-Manager	Viewer elapsed time incorrect if plot takes more than a day	https://github.com/swar/Swar-Chia-Plot-Manager/issues/95	https://github.com/swar/Swar-Chia-Plot-Manager/pull/190
skarim	vobject	Serializing iCalendar throws NonExistentTimeError when using pytz timezones	https://github.com/skarim/vobject/issues/32	https://github.com/medmunds/vobject/commit/c7efe6ad5b01fc88ccc3a4ade88f47f66418c40c
cubewise-code	tm1py	MessageLogService missing utc_localize_time static method	https://github.com/cubewise-code/tm1py/issues/1051	https://github.com/cubewise-code/tm1py/pull/1052
python	cpython	Possible bug in datetime utc	https://github.com/python/cpython/issues/88829	https://github.com/SmartManoj/cpython/commit/dc3cdc1a80aa193fc0c08677882c3ede4b9aaf03
googlemaps	google-maps-services-python	Timezones are ignored when converting datetimes	https://github.com/googlemaps/google-maps-services-python/issues/185	https://github.com/googlemaps/google-maps-services-python/pull/350
pandas-dev	pandas-stubs	Dividing a series of Timedeltas by a Timedelta is rejected	https://github.com/pandas-dev/pandas-stubs/issues/461	https://github.com/pandas-dev/pandas-stubs/pull/463
earthobservations	wetterdienst	Make datetimes tz aware	https://github.com/earthobservations/wetterdienst/issues/258	https://github.com/earthobservations/wetterdienst/pull/270
holoviz	holoviews	Local timezone can break regrid operation	https://github.com/holoviz/holoviews/issues/2459	https://github.com/holoviz/holoviews/pull/2463
unionai-oss	pandera	Pandas deprecated `(timezone naive timestamp).astype(timezone aware dtype)`	https://github.com/unionai-oss/pandera/issues/971	https://github.com/unionai-oss/pandera/pull/972
pydantic	pydantic	TzInfo type doesn't provide proper dst	https://github.com/pydantic/pydantic/issues/6735	https://github.com/pydantic/pydantic-core/pull/864
mymarilyn	clickhouse-driver	Nanoseconds are not preserved on insert for DateTime64(8) columns	https://github.com/mymarilyn/clickhouse-driver/issues/307	https://github.com/mymarilyn/clickhouse-driver/commit/4bbdef9a5a47a62843181f37554d1dc96e709e51
thombashi	DateTimeRange	Support daylight saving in range	https://github.com/thombashi/DateTimeRange/issues/49	https://github.com/thombashi/DateTimeRange/commit/37fc1bdd4cf0d37fb9deeb4be033ada17876cc0e
dateutil	dateutil	Exercise: Martin Luther King day	https://github.com/dateutil/dateutil/issues/664	https://github.com/dateutil/dateutil/pull/739
scrapinghub	dateparser	Better period extracting from dateutil parser	https://github.com/scrapinghub/dateparser/issues/55	https://github.com/scrapinghub/dateparser/pull/59
ibis-project	ibis	FEAT: Need to add Ibis support for various timestamp component operations in OmniSci	https://github.com/ibis-project/ibis/issues/1916	https://github.com/ibis-project/ibis/pull/2149
turicas	covid19-br	Colocar hor√°rio reportado pelo rob√¥ em UTC-3	https://github.com/turicas/covid19-br/issues/53	https://github.com/turicas/covid19-br/commit/7b4393cb145f6d7bff3a9f1e75c9f0e787f87739
dusktreader	flask-praetorian	Dependency issues with pendulum and python 3.12	https://github.com/dusktreader/flask-praetorian/issues/292	https://github.com/dusktreader/flask-praetorian/pull/293
MarketSquare	robotframework-robocop	Could the `dateutil` dependency by dropped?	https://github.com/MarketSquare/robotframework-robocop/issues/743	https://github.com/MarketSquare/robotframework-robocop/pull/782
huggingface	huggingface_hub	`test_from_raw_initialization` seems to be missing daylight savings?	https://github.com/huggingface/huggingface_hub/issues/1976	https://github.com/huggingface/huggingface_hub/pull/1982
googleapis	python-ndb	Auto-add and naive datetimes not offsetting timezone correctly	https://github.com/googleapis/python-ndb/issues/517	https://github.com/chrisrossi/python-ndb/commit/bbda21f1ecf8d83ae41623b5f1347784817c00f9
influxdata	influxdb-client-python	Nanosecond Precision	https://github.com/influxdata/influxdb-client-python/issues/314	https://github.com/influxdata/influxdb-client-python/pull/315
PrefectHQ	prefect	Timezone Union Schedule Test Fails	https://github.com/PrefectHQ/prefect/issues/1053	https://github.com/PrefectHQ/prefect/pull/1062
laixintao	iredis	Timestamp completer	https://github.com/laixintao/iredis/issues/246	https://github.com/laixintao/iredis/pull/249
ApeWorX	ape	General: add functionality to convert datetime object to timestamp	https://github.com/ApeWorX/ape/issues/436	https://github.com/ApeWorX/ape/pull/441
influxdata	influxdb-client-python	Nanoseconds ignored when writing Points with RFC string format	https://github.com/influxdata/influxdb-client-python/issues/124	https://github.com/influxdata/influxdb-client-python/pull/141
facebookresearch	fairseq	Checking size attribute of dst when dst is None	https://github.com/facebookresearch/fairseq/issues/2	https://github.com/facebookresearch/fairseq/commit/2d3161daa8dece8b9f593acdb19520c856d7c524
pywr	pywr	DailyProfileParameter handling of leap years	https://github.com/pywr/pywr/issues/212	https://github.com/pywr/pywr/commit/08598f8362ee790b47d63e35773214c86c4f8445
pywr	pywr	DailyProfileParameter handling of leap years	https://github.com/pywr/pywr/issues/212	https://github.com/pywr/pywr/commit/08598f8362ee790b47d63e35773214c86c4f8445
chimpler	pyhocon	parsing of list of durations doesn't work	https://github.com/chimpler/pyhocon/issues/252	https://github.com/chimpler/pyhocon/pull/255
dateutil	dateutil	rrule does not play well with pytz tzinfo at daylight savings?	https://github.com/dateutil/dateutil/issues/641	https://github.com/pimutils/khal/pull/798
tobymao	sqlglot	parsing trino `interval day to second` and `interval year to month` into a type doesn't work	https://github.com/tobymao/sqlglot/issues/2027	https://github.com/tobymao/sqlglot/pull/2035
tobymao	sqlglot	parsing trino `interval day to second` and `interval year to month` into a type doesn't work	https://github.com/tobymao/sqlglot/issues/2027	https://github.com/tobymao/sqlglot/pull/2035
pydantic	pydantic	v2 TZInfo is not understood by pandas	https://github.com/pydantic/pydantic/issues/8195	https://github.com/pydantic/pydantic-core/pull/1197
barrust	mediawiki	No rate limiting with rate_limit_wait less than 1 second	https://github.com/barrust/mediawiki/issues/119	https://github.com/barrust/mediawiki/pull/120
agronholm	apscheduler	IntervalTrigger unnecessarily expects integers, when datetime.timedelta accepts floats	https://github.com/agronholm/apscheduler/issues/444	https://github.com/agronholm/apscheduler/commit/f37a9e7066be0e2118625bf4ca2bcbe5c8db3ce9
WattTime	pyiso	Fix daylight saving time issue in YUKON client for historical observations	https://github.com/WattTime/pyiso/issues/177	https://github.com/r24mille/pyiso/commit/6a39d08aec2b503dbe98cab77c183afdc68094f3
tobymao	sqlglot	Regression in interval parsing case after #1413	https://github.com/tobymao/sqlglot/issues/1441	https://github.com/tobymao/sqlglot/pull/1444
scrapinghub	dateparser	Tests fail on 31st of a month	https://github.com/scrapinghub/dateparser/issues/1053	https://github.com/mweinelt/nixpkgs/commit/0cece84ef3b7ae1a2cd00b3f9893673e1b7e45e2
agronholm	apscheduler	[v4.0.0a4] Combining daily and weekly triggers increments by 14 days	https://github.com/agronholm/apscheduler/issues/911	https://github.com/agronholm/apscheduler/pull/914
ariebovenberg	whenever	Add a better `timedelta`?	https://github.com/ariebovenberg/whenever/issues/27	https://github.com/ariebovenberg/whenever/pull/48
sqlalchemy	sqlalchemy	postgresql range tests might have a time-oriented race condition... seems like a transient DST issue	https://github.com/sqlalchemy/sqlalchemy/issues/9471	https://github.com/sqlalchemy/sqlalchemy/commit/e8420e993764b5dcd4ce5879412d556d2a7d2870
ranaroussi	yfinance	KeyError Timestamps	https://github.com/ranaroussi/yfinance/issues/71	https://github.com/ranaroussi/yfinance/commit/34ef7668b865e5eef9ff7187ef60cb7fe0fea5c7
qutebrowser	qutebrowser	New completion and timezone issues	https://github.com/qutebrowser/qutebrowser/issues/2830	https://github.com/qutebrowser/qutebrowser/pull/2295
pydantic	pydantic-core	Improve error message of timedelta validation	https://github.com/pydantic/pydantic-core/issues/882	https://github.com/pydantic/pydantic-core/pull/915
sdv-dev	RDT	DTTransformer Out of bounds nanosecond timestamp	https://github.com/sdv-dev/RDT/issues/41	https://github.com/sdv-dev/RDT/pull/42
oracle	graalpython	Value.asTime returns wrong nanosecond field	https://github.com/oracle/graalpython/issues/179	https://github.com/kariya-mitsuru/graalpython/commit/07101a83eaa9cb41c8ffdfc83a1aa53b83011c54
sdispater	pendulum	duration months cannot be added to other durations	https://github.com/sdispater/pendulum/issues/479	https://github.com/sdispater/pendulum/pull/482
sdispater	pendulum	duration months cannot be added to other durations	https://github.com/sdispater/pendulum/issues/479	https://github.com/sdispater/pendulum/pull/482
opencybersecurityalliance	stix-shifter	Splunk connector incorrectly maps network-traffic:dst_ref.value	https://github.com/opencybersecurityalliance/stix-shifter/issues/919	https://github.com/opencybersecurityalliance/stix-shifter/pull/920
scrapinghub	dateparser	test_timezone_offset_calculation_1 fails on 32bit platforms	https://github.com/scrapinghub/dateparser/issues/1204	https://github.com/scrapinghub/dateparser/pull/1205
jcrist	msgspec	Add support for timezone without colon (similar to datetime)	https://github.com/jcrist/msgspec/issues/537	https://github.com/jcrist/msgspec/pull/539
GoogleCloudPlatform	professional-services-data-validator	SUM/AVG support of DATETIME columns 	https://github.com/GoogleCloudPlatform/professional-services-data-validator/issues/451	https://github.com/GoogleCloudPlatform/professional-services-data-validator/pull/488
dateutil	dateutil	relativedelta should have tests that explicitly test last day of month	https://github.com/dateutil/dateutil/issues/1104	https://github.com/dateutil/dateutil/pull/1105
dateutil	dateutil	relativedelta should have tests that explicitly test last day of month	https://github.com/dateutil/dateutil/issues/1104	https://github.com/dateutil/dateutil/pull/1105
nucypher	nucypher	Rethink nucypher/blockchain/eth/utils/datetime_at_period	https://github.com/nucypher/nucypher/issues/1435	https://github.com/nucypher/nucypher/pull/1402
python	cpython	timedelta fails to consider fold	https://github.com/python/cpython/issues/112638	https://github.com/apache/airflow/pull/35887
alteryx	woodwork	Verify support for Datetime with timezone	https://github.com/alteryx/woodwork/issues/111	https://github.com/alteryx/woodwork/pull/1376
sphinx-gallery	sphinx-gallery	Time elapsed should be printed for each example rather than for each block	https://github.com/sphinx-gallery/sphinx-gallery/issues/134	https://github.com/Titan-C/sphinx-gallery/commit/6de8143af6133f6c5e80fe848cd7912343594d9e
mindsdb	mindsdb	Flask serializer that can use python datetimes/date/timestamp types	https://github.com/mindsdb/mindsdb/issues/1190	https://github.com/mindsdb/mindsdb/pull/1192
hyperledger	aries-cloudagent-python	[BUG] Improper Use of TimeZone-Naive datetime.utcnow()	https://github.com/hyperledger/aries-cloudagent-python/issues/2678	https://github.com/hyperledger/aries-cloudagent-python/pull/2679
GadgetReactor	pyHS100	Set timezone functionality	https://github.com/GadgetReactor/pyHS100/issues/53	https://github.com/jeffsf/pyHS100/commit/fba7637ee75390b1baab5ebbf2b6d08363e6e5a5
dateutil	dateutil	parser.parse does not apply time zone to date if ignoretz is True and tzinfos is given	https://github.com/dateutil/dateutil/issues/80	https://github.com/dateutil/dateutil/pull/103
raiden-network	raiden	Remove naive datetime usage	https://github.com/raiden-network/raiden/issues/7043	https://github.com/raiden-network/raiden-services/pull/1012
Opentrons	opentrons	bug: HTTP API returns datetime strings without timezone info	https://github.com/Opentrons/opentrons/issues/6374	https://github.com/Opentrons/opentrons/pull/6375
edgedb	edgedb	Validate names of datetime units to only support plurals	https://github.com/edgedb/edgedb/issues/958	https://github.com/edgedb/edgedb/commit/9e8cd5f63d226c55e4c147bf4333f0a35b3a073c
jdemaeyer	brightsky	Enforce ISO 8601 compliant timestamps	https://github.com/jdemaeyer/brightsky/issues/101	https://github.com/jdemaeyer/brightsky/commit/e0699fa0b16d0507f0f25d262d99ac95ee4eec2c
neo4j	neo4j-python-driver	[Feature Request] Deprecate pytz	https://github.com/neo4j/neo4j-python-driver/issues/610	https://github.com/robsdedude/neo4j-python-driver/commit/b3c8a4f6abaf9fa77ace3a4725a84b9de4e6e60c
adamchainz	time-machine	datetime.datetime.utcnow() should not have tzinfo	https://github.com/adamchainz/time-machine/issues/52	https://github.com/adamchainz/time-machine/commit/949f72a652cac28101350fcbee20afbe72880e8b
tobymao	sqlglot	"cannot correctly convert syntax ""timestamp 'epoch'"" from redshift to presto/trino"	https://github.com/tobymao/sqlglot/issues/1725	https://github.com/tobymao/sqlglot/pull/1726
sdispater	pendulum	Off-by-one microsecond when parsing with certain timezones	https://github.com/sdispater/pendulum/issues/74	https://github.com/dokai/pendulum/commit/7d69bbe118ffee335def1c19e1abb06fa9f88359
dateutil	dateutil	tzname() inconsistent between tzwin() and tzwinlocal() and neither reflect actual DST.	https://github.com/dateutil/dateutil/issues/143	https://github.com/dateutil/dateutil/pull/141
appium	python-client	The duration argument of WebDriver.tap is inconsistent between code and doc.	https://github.com/appium/python-client/issues/89	https://github.com/appium/python-client/pull/90
jazzband	djangorestframework-simplejwt	 DeprecationWarning: datetime.datetime.utcnow() is deprecated	https://github.com/jazzband/djangorestframework-simplejwt/issues/756	https://github.com/iMerica/dj-rest-auth/pull/610
python	cpython	Add `strptime`/`strftime` format code examples	https://github.com/python/cpython/issues/100574	https://github.com/python/cpython/pull/100575
python	cpython	Error in example of `datetime.time.fromisoformat` 	https://github.com/python/cpython/issues/112925	https://github.com/python/cpython/pull/112931
python	cpython	``test_datetime`` fails with a ``--forever`` argument	https://github.com/python/cpython/issues/120782	https://github.com/python/cpython/pull/120829
python	cpython	"""strftime"" format documentation is hard to find"	https://github.com/python/cpython/issues/98378	https://github.com/python/cpython/pull/98379
python	cpython	datetime.datetime.utcnow should return a UTC timestamp	https://github.com/python/cpython/issues/56965	https://github.com/pyrogram/pyrogram/pull/966
python	cpython	"datetime UTC deprecation warnings use the name ""datetime"" inconsistently"	https://github.com/python/cpython/issues/106392	https://github.com/yctomwang/cpython/commit/e24344d3295a30f32e0ba33602c968e5a447b238
python	cpython	The time library documentation should include the field to catch microseconds in a date time string	https://github.com/python/cpython/issues/115315	https://github.com/python/cpython/pull/115316
python	cpython	"Document the ""gotcha"" behaviors in utcnow() and utcfromtimestamp()"	https://github.com/python/cpython/issues/81669	https://github.com/odoo-dev/odoo/commit/67ff28cef66214328f26b5f3187a9ee85f8d9204
python	cpython	datetime object does not preserve POSIX timestamp	https://github.com/python/cpython/issues/85290	https://github.com/instaloader/instaloader/pull/1546
python	cpython	Add `datetime.UTC` alias for `datetime.timezone.utc`	https://github.com/python/cpython/issues/91928	https://github.com/python/cpython/pull/91973
python	cpython	datetime.replace() is very slow	https://github.com/python/cpython/issues/112919	https://github.com/eltoder/cpython/commit/0f5eddbf371bf86a1a39a108075a1a8de2ea90cc
python	cpython	Leap Year Calculation for Replace Function Causes day is out of range for month	https://github.com/python/cpython/issues/116175	https://github.com/python/cpython/pull/116176
python	cpython	Documentation: Error in datetime.datetime.strptime()	https://github.com/python/cpython/issues/94300	https://github.com/python/cpython/pull/95318
python	cpython	Deprecate `utcnow` and `utcfromtimestamp`	https://github.com/python/cpython/issues/103857	https://github.com/python/cpython/pull/103858
python	cpython	Error condition in _datetimemodule.c is unchecked with `datetime.fromtimestamp` on local times > Y10k	https://github.com/python/cpython/issues/91581	https://github.com/python/cpython/pull/91582
python	cpython	Wrong Result Documented in Date Arithmetic datetime	https://github.com/python/cpython/issues/93267	https://github.com/180909/cpython/commit/4c4adc8dcd4c87db224412026dd5162aa13b421f
apache	airflow	Several statsd timers record seconds rather than milliseconds	https://github.com/apache/airflow/issues/10629	https://github.com/apache/airflow/pull/10632
apache	airflow	datetime.utcnow and datetime.utcfromtimestamp are deprecated in Python 3.12	https://github.com/apache/airflow/issues/32344	https://github.com/apache/airflow/pull/35448
apache	airflow	assignment to dag.timezone 	https://github.com/apache/airflow/issues/27903	https://github.com/apache/airflow/pull/28400
apache	airflow	airflow.dates.days_ago doesn't respect configured timezone	https://github.com/apache/airflow/issues/17720	https://github.com/apache/airflow/pull/20508
apache	airflow	TimeSensorAsync breaks if target_time is timezone-aware	https://github.com/apache/airflow/issues/24736	https://github.com/apache/airflow/pull/25221
apache	airflow	AttributeError: 'datetime.timezone' object has no attribute 'name'	https://github.com/apache/airflow/issues/16551	https://github.com/apache/airflow/pull/16599
apache	airflow	Task and dagrun duration y-axis is incorrect if the last task has a different duration unit	https://github.com/apache/airflow/issues/38371	https://github.com/apache/airflow/pull/38374
apache	airflow	`pendulum.DateTime` objects now being serialized as python objects with non-standard timezones	https://github.com/apache/airflow/issues/34483	https://github.com/apache/airflow/pull/34492
apache	airflow	Ensure airflow database is created with timezone set to UTC	https://github.com/apache/airflow/issues/1015	https://github.com/apache/airflow/pull/1062
apache	airflow	AssertionError: next schedule shouldn't be earlier around DST change	https://github.com/apache/airflow/issues/30088	https://github.com/apache/airflow/pull/30083
apache	airflow	Macros reference point to outdated pendulum information	https://github.com/apache/airflow/issues/17853	https://github.com/apache/airflow/pull/18766
apache	airflow	Recent changes to timezone support broke some operators	https://github.com/apache/airflow/issues/34673	https://github.com/apache/airflow/pull/34683
apache	airflow	schedule_interval can break tree view	https://github.com/apache/airflow/issues/225	https://github.com/apache/airflow/pull/235
streamlit	streamlit	Handling timezones	https://github.com/streamlit/streamlit/issues/1837	https://github.com/streamlit/streamlit/pull/1838
ccxt	ccxt	[tidex] ticker timestamps look wrong	https://github.com/ccxt/ccxt/issues/5973	https://github.com/ccxt/ccxt/commit/14c700ebf8d8a053addde77d6f4125048f0dd361
ccxt	ccxt	Loss of precision with bittrex timestamps	https://github.com/ccxt/ccxt/issues/535	https://github.com/ccxt/ccxt/commit/51fab1e7eb4196a760c74e962fa25b7c552e4fc0
ccxt	ccxt	Wrong datetime for exchanges for hitbtc2 & coinbase	https://github.com/ccxt/ccxt/issues/3984	https://github.com/satoshinakamoto007/ccxt/pull/255
ccxt	ccxt	Python base cryptopia class do not fill datetime and timestamp correctly at parse_order method	https://github.com/ccxt/ccxt/issues/3351	https://github.com/ccxt/ccxt/commit/55a2643c35f41d51ec1ec04a2e1ab94f4d8609c3
ccxt	ccxt	FCoin daily timestamps have inconsistent time scales	https://github.com/ccxt/ccxt/issues/3440	https://github.com/ccxt/ccxt/commit/5896f12d172f9038fc959e92ad02c09fad5d1595
ccxt	ccxt	Huobi watchBalance results in undefined timestamp	https://github.com/ccxt/ccxt/issues/19812	https://github.com/ccxt/ccxt/pull/19836
ccxt	ccxt	Bitstamp fetch_trades returns wrong timestamp	https://github.com/ccxt/ccxt/issues/384	https://github.com/ccxt/ccxt/commit/b121b75c2442e37358fe8a8199895803b107c3b9
ray-project	ray	[Datasets] Add CI jobs covering major Arrow versions we support.	https://github.com/ray-project/ray/issues/29822	https://github.com/ray-project/ray/pull/29161
ray-project	ray	[serve] Metrics pusher cannot handle multiple tasks whose intervals don't divide each other.	https://github.com/ray-project/ray/issues/38361	https://github.com/ray-project/ray/pull/38349
ray-project	ray	[Datasets] For Arrow 8+, tensor column element access returns an `ExtensionScalar`.	https://github.com/ray-project/ray/issues/29816	https://github.com/ray-project/ray/pull/29161
ray-project	ray	Timezone aware datetime objects lose timezone information through Ray	https://github.com/ray-project/ray/issues/2605	https://github.com/ray-project/ray/pull/2577
ray-project	ray	[Data] `test_parquet_read_partitioned_explicit` is failing for Arrow nightly	https://github.com/ray-project/ray/issues/37429	https://github.com/ray-project/ray/pull/37430
ray-project	ray	Use arrow wheels to include arrow as a dependency in Ray	https://github.com/ray-project/ray/issues/3162	https://github.com/apache/arrow/pull/2832
ray-project	ray	[Jobs] Timestamp field switches between seconds and milliseconds	https://github.com/ray-project/ray/issues/16452	https://github.com/ray-project/ray/pull/16455
facebookresearch	fairseq	Train on gpu - about 1 day to 7 epochs	https://github.com/facebookresearch/fairseq/issues/301	https://github.com/facebookresearch/fairseq/commit/4de5826038bbdefd21f08df70c135b2c17bc2c76
facebookresearch	fairseq	Valid On 'valid' subset  appears multiple times in the same epoch.	https://github.com/facebookresearch/fairseq/issues/259	https://github.com/facebookresearch/fairseq/commit/527e822b3a6197a85ed5c3331cfc1dcb94292d2b
facebookresearch	fairseq	Valid On 'valid' subset appears multiple times in the same epoch.	https://github.com/facebookresearch/fairseq/issues/260	https://github.com/facebookresearch/fairseq/commit/c4de6a5ccaa097a9853ea230b9ada9e9e0fdafb7
tqdm	tqdm	Access to time elapsed	https://github.com/tqdm/tqdm/issues/656	https://github.com/tqdm/tqdm/commit/93b19264aa01192d19361fb7f6f989ef764bd286
Lightning-AI	pytorch-lightning	Logging Intervals and Evaluation Intervals	https://github.com/Lightning-AI/pytorch-lightning/issues/3466	https://github.com/Lightning-AI/pytorch-lightning/pull/3516
Lightning-AI	pytorch-lightning	ModelCheckpoint period should not always save on the first epoch	https://github.com/Lightning-AI/pytorch-lightning/issues/3619	https://github.com/Lightning-AI/pytorch-lightning/pull/3630
freqtrade	freqtrade	Check fails if computer running check is not UTC	https://github.com/freqtrade/freqtrade/issues/4532	https://github.com/freqtrade/freqtrade/pull/4540
python-telegram-bot	python-telegram-bot	Inconsistent use of UTC/local na√Øve datetimes	https://github.com/python-telegram-bot/python-telegram-bot/issues/1505	https://github.com/python-telegram-bot/python-telegram-bot/pull/1497
python-telegram-bot	python-telegram-bot	[BUG] Job_queue is skipping job if timezone is not provided for job.run_daily	https://github.com/python-telegram-bot/python-telegram-bot/issues/1693	https://github.com/python-telegram-bot/python-telegram-bot/pull/1696
python-telegram-bot	python-telegram-bot	[FEATURE] Message.date is UTC-localized	https://github.com/python-telegram-bot/python-telegram-bot/issues/3595	https://github.com/python-telegram-bot/python-telegram-bot/pull/3632
python-telegram-bot	python-telegram-bot	Naive datetime should be treated as local timezone. UTC datetimes should be timezone aware.	https://github.com/python-telegram-bot/python-telegram-bot/issues/1658	https://github.com/python-telegram-bot/python-telegram-bot/commit/103b115486fd075f3f7eac9780d1e5dc538f4176
vnpy	vnpy	barÊòæÁ§∫KÁ∫øÂõæÊó∂Êä•ÈîôTypeError: can't compare offset-naive and offset-aware datetimes	https://github.com/vnpy/vnpy/issues/2900	https://github.com/vnpy/vnpy/commit/f989b86b79bbcb6bc4c1a49309aa672ce35aa1ca
zulip	zulip	populate_db: Add support for creating messages older than 5 days ago	https://github.com/zulip/zulip/issues/21646	https://github.com/zulip/zulip/pull/21678
zulip	zulip	Naive datetime warnings in populate_db	https://github.com/zulip/zulip/issues/2729	https://github.com/refeed/zulip/commit/4d50ba5e6fd987fbbe7267727fdd72816964b84b
zulip	zulip	Make all datetimes timezone aware	https://github.com/zulip/zulip/issues/1539	https://github.com/TomaszKolek/zulip/commit/54851419bf17e0467c5fdfa01505214e5ed8f6a3
zulip	zulip	Replace naive datetimes in the asana, basecamp, and codebase integrations.	https://github.com/zulip/zulip/issues/3809	https://github.com/roberthoenig/zulip/commit/f07704b6018505b510d27543e34fa9bda590c5f5
zulip	zulip	lint: Add lint rules that make it harder to introduce naive timezones.	https://github.com/zulip/zulip/issues/3999	https://github.com/zulip/zulip/commit/342a80c3dee8000ea495834f93bfb06508351de3
ArchiveBox	ArchiveBox	Bugfix: Inconsistent timezones in output	https://github.com/ArchiveBox/ArchiveBox/issues/428	https://github.com/ArchiveBox/ArchiveBox/pull/435
ManimCommunity	manim	Not all arrow tips are accessible	https://github.com/ManimCommunity/manim/issues/3129	https://github.com/ManimCommunity/manim/pull/3166
pydantic	pydantic	Date string coerced to datetime infers timezone	https://github.com/pydantic/pydantic/issues/8762	https://github.com/pydantic/pydantic-core/pull/1193
pydantic	pydantic	Incorrect JSON output for a timedelta formed from subtracting two pd.Timestamps	https://github.com/pydantic/pydantic/issues/7095	https://github.com/pydantic/pydantic-core/pull/881
pydantic	pydantic	timedelta ValidationError with input_value like '1 00:00:11'	https://github.com/pydantic/pydantic/issues/7650	https://github.com/pydantic/pydantic/pull/7652
pydantic	pydantic	Serialization -> de-serialisation fails for small timedelta (< 100 microseconds)	https://github.com/pydantic/pydantic/issues/3315	https://github.com/pydantic/pydantic/pull/3346
pydantic	pydantic	datetime dumping to json flips sign of timezone	https://github.com/pydantic/pydantic/issues/8964	https://github.com/pydantic/speedate/pull/56
pydantic	pydantic	Richer timedelta / timestamp parsers?	https://github.com/pydantic/pydantic/issues/432	https://github.com/pydantic/pydantic/pull/3344
pydantic	pydantic	timedelta_isoformat does not produce correct string in some cases	https://github.com/pydantic/pydantic/issues/3899	https://github.com/pydantic/pydantic/pull/3909
pydantic	pydantic	time ignores timedelta without error	https://github.com/pydantic/pydantic/issues/1744	https://github.com/pydantic/pydantic/pull/1814
pydantic	pydantic	Pydantic TzInfo(UTC) != datetime.UTC	https://github.com/pydantic/pydantic/issues/8683	https://github.com/pydantic/pydantic-core/pull/1197
pydantic	pydantic	datetime field with different coercion in Pydantic v2	https://github.com/pydantic/pydantic/issues/6518	https://github.com/moneymeets/youtrack-sdk/pull/27
PostHog	posthog	Improve UX timezone support	https://github.com/PostHog/posthog/issues/2778	https://github.com/PostHog/posthog/pull/3698
PostHog	posthog	PersonsModal has no results for day interval due to timezones	https://github.com/PostHog/posthog/issues/11466	https://github.com/PostHog/posthog/pull/11468
PostHog	posthog	Trends date buckets may be incorrect for non-utc timezones	https://github.com/PostHog/posthog/issues/11492	https://github.com/PostHog/posthog/pull/11468
PostHog	posthog	Bug Report: SQL product analytics date filters uses UTC instead of project/device timezone	https://github.com/PostHog/posthog/issues/21673	https://github.com/PostHog/posthog/pull/21677
PostHog	posthog	Increase ClickHouse Person DateTime precision	https://github.com/PostHog/posthog/issues/4260	https://github.com/PostHog/plugin-server/pull/476
PostHog	posthog	Bug Report: Date picker is broken when UTC is selected in the create annotation modal	https://github.com/PostHog/posthog/issues/23472	https://github.com/PostHog/posthog/pull/23527
PostHog	posthog	WAUs/MAUs giving incorrect results for certain intervals on different timezones	https://github.com/PostHog/posthog/issues/14034	https://github.com/PostHog/posthog/pull/14035
PostHog	posthog	As a follow-on from #7923 we need better DateTime handling in queries	https://github.com/PostHog/posthog/issues/8063	https://github.com/PostHog/posthog/pull/7923
Delgan	loguru	Seconds and microseconds are missing from the formatted timezone offset	https://github.com/Delgan/loguru/issues/961	https://github.com/Delgan/loguru/pull/962
facebook	prophet	Date problem when fitting the model with timezone (R)	https://github.com/facebook/prophet/issues/1501	https://github.com/facebook/prophet/commit/8f1c1d5a27ee7fdd1a3934c567d6a57959ec9684
twintproject	twint	Elasticsearch calculation for HOUR and Day	https://github.com/twintproject/twint/issues/401	https://github.com/twintproject/twint/commit/3b07559381e701bdb0808bd8c37fd2fb6afd8583
netbox-community	netbox	"""Current time"" displayed under script/report schedule displays in wrong timezone"	https://github.com/netbox-community/netbox/issues/11384	https://github.com/netbox-community/netbox/commit/0669fda1fd2794ee8a472727fdca1e33c4929431
PrefectHQ	prefect	CronSchedule validation fails when provided with a timezone	https://github.com/PrefectHQ/prefect/issues/9535	https://github.com/ajwadjaved/prefect/commit/a63c332e683fb5a26e9a6d263a6483b8a6801597
PrefectHQ	prefect	Timezone parameter to deployment cli for cron schedule	https://github.com/PrefectHQ/prefect/issues/7202	https://github.com/PrefectHQ/prefect/pull/7282
PrefectHQ	prefect	Validation error using default interval schedule in `prefect deploy`	https://github.com/PrefectHQ/prefect/issues/12834	https://github.com/PrefectHQ/prefect/pull/12833
PrefectHQ	prefect	"Deployment's Schedule incorrectly shows the timezone as ""UTC"""	https://github.com/PrefectHQ/prefect/issues/11924	https://github.com/PrefectHQ/prefect-ui-library/pull/2090
PrefectHQ	prefect	Gracefully handle missing timezone configuration	https://github.com/PrefectHQ/prefect/issues/8047	https://github.com/PrefectHQ/prefect/pull/10320
airbytehq	airbyte	DatetimeBasedCursor: support datetime format that do not sort alphabetically	https://github.com/airbytehq/airbyte/issues/27447	https://github.com/airbytehq/airbyte/pull/27445
airbytehq	airbyte	Support multiple datetime format for cursor field	https://github.com/airbytehq/airbyte/issues/28782	https://github.com/airbytehq/airbyte/commit/9c3e2c185d9523c8012934669d6a3e399a5a1e25
airbytehq	airbyte	Re-evaluate MySQL year type	https://github.com/airbytehq/airbyte/issues/8722	https://github.com/airbytehq/airbyte/pull/7970
airbytehq	airbyte	`JdbcSourceOperations` method `setJsonField` misses a branch for `TIMESTAMP_WITH_TIMEZONE`	https://github.com/airbytehq/airbyte/issues/16838	https://github.com/airbytehq/airbyte/pull/19860
airbytehq	airbyte	Add more datetime format options (or ability to perform operations) to CDK cursor config	https://github.com/airbytehq/airbyte/issues/29398	https://github.com/airbytehq/airbyte/pull/29504
airbytehq	airbyte	Source Chartmogul: `Interval` input should follow pattern of one stream per interval	https://github.com/airbytehq/airbyte/issues/27953	https://github.com/airbytehq/airbyte/pull/31517
airbytehq	airbyte	üéâ Source Postgres: Describe timezone awareness	https://github.com/airbytehq/airbyte/issues/12905	https://github.com/airbytehq/airbyte/pull/13166
airbytehq	airbyte	Google Analytics: support incremental dedupe syncs using the `yearWeek`, `yearMonth`, and `year` dimensions	https://github.com/airbytehq/airbyte/issues/29458	https://github.com/airbytehq/airbyte/pull/30421
Rapptz	discord.py	Message.created_at returns datetime.datetime object without timezone info	https://github.com/Rapptz/discord.py/issues/5921	https://github.com/dronefly-garden/dronefly/commit/ac4ebb567fa9c8aba71b74a255df1351aa62b277
arc53	DocsGPT	UI Update. Added arrow to go back to the end of conversation	https://github.com/arc53/DocsGPT/issues/170	https://github.com/arc53/DocsGPT/pull/363
flairNLP	flair	Bad epochs logging counterintuitive	https://github.com/flairNLP/flair/issues/817	https://github.com/flairNLP/flair/commit/ad9eb7dafe66d2945f3942adf275ce1708369c4b
ansible	awx	Approval job missing started date and elapsed	https://github.com/ansible/awx/issues/6202	https://github.com/ryanpetrello/awx/commit/2135062c7cc5d1a2e429f40beeb546345891b4c5
edgedb	edgedb	No `to_datetime` variant for Unix timestamp conversion.	https://github.com/edgedb/edgedb/issues/1183	https://github.com/edgedb/edgedb/pull/1428
edgedb	edgedb	datetime casting is asymmetric	https://github.com/edgedb/edgedb/issues/2248	https://github.com/edgedb/edgedb/commit/817d47c4aa911eda30e9f6a3f0729becfe08511e
edgedb	edgedb	Incorrect error message hint for InvalidValueError of std::duration	https://github.com/edgedb/edgedb/issues/3641	https://github.com/edgedb/edgedb/pull/4539
edgedb	edgedb	large microsecond durations don't work	https://github.com/edgedb/edgedb/issues/2191	https://github.com/edgedb/edgedb/commit/937ef17483c3588b3c52b49fb3652d1bc0a8f089
ranaroussi	yfinance	Issue with DateTime index in yf.download	https://github.com/ranaroussi/yfinance/issues/125	https://github.com/rdiere/yfinance/commit/e7966b98b447002f0cff3070ad3054b1bcb8f97f
ranaroussi	yfinance	Dates are not timezone aware + datetimes/floats not used in fundamentals	https://github.com/ranaroussi/yfinance/issues/106	https://github.com/ranaroussi/yfinance/pull/108
ranaroussi	yfinance	Ticker.history() start and end datetime doesn't account for timezones	https://github.com/ranaroussi/yfinance/issues/545	https://github.com/ranaroussi/yfinance/pull/546
pytest-dev	pytest	compare datetime objects with pytest.approx	https://github.com/pytest-dev/pytest/issues/4736	https://github.com/pytest-dev/pytest/pull/4760
ActivityWatch	activitywatch	Start and end of day incorrect for timezone	https://github.com/ActivityWatch/activitywatch/issues/117	https://github.com/ActivityWatch/aw-webui/pull/48
borgbackup	borg	JSON: Use a more standard, timezone-aware format date time format	https://github.com/borgbackup/borg/issues/2376	https://github.com/borgbackup/borg/pull/2916
borgbackup	borg	{utcnow} output isn't correct	https://github.com/borgbackup/borg/issues/4724	https://github.com/borgbackup/borg/pull/6964
borgbackup	borg	--timestamp-aware {now}/{utcnow} placeholders	https://github.com/borgbackup/borg/issues/5189	https://github.com/milkey-mouse/borg/commit/c25d8cbec06d83022adbb765bb98240ab4cd2f61
borgbackup	borg	start/end times in UTC	https://github.com/borgbackup/borg/issues/651	https://github.com/ThomasWaldmann/borg/commit/824ba53d0c5575f1d69b89bf1dcf3539db0d4e43
borgbackup	borg	create: {now} date/time format for nanoseconds	https://github.com/borgbackup/borg/issues/1822	https://github.com/ThomasWaldmann/borg/commit/d8e806aac10d18ae03da18214523257096cb01d9
dagster-io	dagster	Allow specifying `timezone` on `FreshnessPolicy`	https://github.com/dagster-io/dagster/issues/12006	https://github.com/dagster-io/dagster/pull/12263
dagster-io	dagster	[dagster-pandas] PandasColumn.datetime_column(...) is timezone incompatible	https://github.com/dagster-io/dagster/issues/3365	https://github.com/dagster-io/dagster/pull/4117
dagster-io	dagster	Toggle between UTC and localized for timestamps in Dagit	https://github.com/dagster-io/dagster/issues/5626	https://github.com/dagster-io/dagster/pull/5831
secdev	scapy	Nanosecond libpcap	https://github.com/secdev/scapy/issues/195	https://github.com/secdev/scapy/pull/412
giampaolo	psutil	Raised psutil.TimeoutExpired using wrong timeout unit - seconds vs. milliseconds	https://github.com/giampaolo/psutil/issues/869	https://github.com/giampaolo/psutil/commit/deeada687a48f18e86e0b66e15dad3b7a8505e78
Avaiga	taipy	Timedelta in tables	https://github.com/Avaiga/taipy/issues/455	https://github.com/Avaiga/taipy/commit/495999d6617a0adccfcb8b73c10173c4609be261
robotframework	robotframework	Change timestamps from custom strings to `datetime` in result model and to ISO 8601 format in output.xml	https://github.com/robotframework/robotframework/issues/4258	https://github.com/robotframework/robotframework/commit/822f82d8ec79e6acddadbb34704e722c0067efec
robotframework	robotframework	Libdoc specs: Change generation time to be valid `xsd:dateTime`	https://github.com/robotframework/robotframework/issues/3528	https://github.com/robotframework/robotframework/commit/c280527c137503db966a114bbeabcfbb1970c890
robotframework	robotframework	DateTime: DST problems when calculating with dates	https://github.com/robotframework/robotframework/issues/2018	https://github.com/robotframework/robotframework/commit/29a8a226733fee097ac71b628fad2f72512e022b
robotframework	robotframework	DateTime: `Convert Date` changes time part when close to DTS boundary	https://github.com/robotframework/robotframework/issues/2130	https://github.com/robotframework/robotframework/commit/d504bea57693d3520b84d721c98c1f269686c503
robotframework	robotframework	`--timestampoutputs` generates files with different timestamps	https://github.com/robotframework/robotframework/issues/2945	https://github.com/robotframework/robotframework/commit/b0a6346499ac431c77e536d8f7785a7efec864b2
robotframework	robotframework	DateTime: Support `datetime.date` as an input format with date related keywords	https://github.com/robotframework/robotframework/issues/4982	https://github.com/robotframework/robotframework/commit/015d0f3ea41b54b06a87e256c542f7effc69fd91
robotframework	robotframework	DateTime: Default timestamp can contain `.1000` milliseconds while it should only use three digit precision	https://github.com/robotframework/robotframework/issues/1764	https://github.com/robotframework/robotframework/commit/f9da586f24c0aa809748b1c85b0077cbd30849ff
robotframework	robotframework	Deprecate `elapsed_time_to_string` accepting time as milliseconds	https://github.com/robotframework/robotframework/issues/4862	https://github.com/robotframework/robotframework/commit/c131811a06df4bf1d4da4eabb51a22f36dd0c1cc
robotframework	robotframework	Add forward compatible `start_time`, `end_time` and `elapsed_time` propertys to result objects	https://github.com/robotframework/robotframework/issues/4765	https://github.com/robotframework/robotframework/commit/ab0719c46b07361342067ec5c39e24145c7445e3
LonamiWebs	Telethon	Too big `datetime` arguments lead to errors in TLObject serialization	https://github.com/LonamiWebs/Telethon/issues/1629	https://github.com/LonamiWebs/Telethon/commit/ab9035acd261fa79dd95138b2d25e7990490f1c4
dbt-labs	dbt-core	[CT-3374] [Bug] test_utils.TestCurrentTimestamp.test_current_timestamp_matches_utc is failing for the MacOS runner	https://github.com/dbt-labs/dbt-core/issues/9057	https://github.com/dbt-labs/dbt-core/pull/9058
dbt-labs	dbt-core	[Bug] Integration test gives an error for the JST timezone	https://github.com/dbt-labs/dbt-core/issues/7664	https://github.com/dbt-labs/dbt-core/pull/7665
dbt-labs	dbt-core	Configure local timezone in DBT cloud	https://github.com/dbt-labs/dbt-core/issues/2846	https://github.com/dbt-labs/dbt-core/pull/3848
sqlalchemy	sqlalchemy	MSSQL's DateTimeOffset is a timezoned DateTime, not an interval	https://github.com/sqlalchemy/sqlalchemy/issues/4980	https://github.com/sqlalchemy/sqlalchemy/commit/e345864506346700dc4c21ff21bfc18f2c047831
sqlalchemy	sqlalchemy	"Implement mapping to MSSQL ""DateTimeOffset"" type when using SQLAlchemy generic type Datetime(Timezone=True)"	https://github.com/sqlalchemy/sqlalchemy/issues/6306	https://github.com/sqlalchemy/sqlalchemy/commit/0c801c8a6617523796f304268d0417a59469a37c
sqlalchemy	sqlalchemy	mssql pyodbc DATETIMEOFFSET - fractional seconds not persisted	https://github.com/sqlalchemy/sqlalchemy/issues/5045	https://github.com/gordthompson/sqlalchemy/commit/91b10538315adbbb9e27f5340cd91559dcd0973b
sqlalchemy	sqlalchemy	"Support for Oracle ""timestamp with local timezone"""	https://github.com/sqlalchemy/sqlalchemy/issues/9086	https://github.com/sqlalchemy/sqlalchemy/commit/a37218a8e0fa03acd0eef2d57e0294cd6e96fa84
sqlalchemy	sqlalchemy	Interval not using Oracle specified Dialect	https://github.com/sqlalchemy/sqlalchemy/issues/10509	https://github.com/indiVar0508/sqlalchemy/commit/11105386f56a7b4bd476d5718321682638e90ebd
sqlalchemy	sqlalchemy	MySQL TIMESTAMP nullable logic not correctly implemented for TypeDecorator	https://github.com/sqlalchemy/sqlalchemy/issues/4743	https://github.com/sqlalchemy/sqlalchemy/commit/401a2691fbeebd5a26341e732644584cb096bc58
sqlalchemy	sqlalchemy	exception with updates when using onupdate=func.current_timestamp() with Postgres	https://github.com/sqlalchemy/sqlalchemy/issues/275	https://github.com/optuna/optuna/pull/2190
boto	boto3	EC2 RequestSpotFleet ValidFrom / ValidUntil timestamp issue	https://github.com/boto/boto3/issues/714	https://github.com/jantman/awslimitchecker/commit/a15d0b587ff77905605e502e7f96b8e7a9353603
facebookresearch	hydra	Support casting intervals to int	https://github.com/facebookresearch/hydra/issues/915	https://github.com/facebookresearch/hydra/pull/921
vaexio	vaex	Bool values get flipped when converting Arrow table to DataFrame	https://github.com/vaexio/vaex/issues/562	https://github.com/vaexio/vaex/commit/1e224a321a64ec655d4c03bea66d3280c381bb2d
graphql-python	graphene	[Enhancement] DateTime inputs should accept Python datetimes	https://github.com/graphql-python/graphene/issues/863	https://github.com/graphql-python/graphene/pull/864
Yelp	elastalert	KeyError: message.timestamp on one rule but not another	https://github.com/Yelp/elastalert/issues/1852	https://github.com/Yelp/elastalert/pull/1853
Yelp	elastalert	Add Pagerduty API V2 Timestamp	https://github.com/Yelp/elastalert/issues/2037	https://github.com/Yelp/elastalert/pull/2040
instaloader	instaloader	%z in datetime style formatting options doesn't return offset	https://github.com/instaloader/instaloader/issues/1305	https://github.com/instaloader/instaloader/pull/1316
triton-inference-server	server	Incorrect last_inference_timestamp_milliseconds values in api/status output in 1.10.0	https://github.com/triton-inference-server/server/issues/1222	https://github.com/triton-inference-server/server/pull/1249
goauthentik	authentik	Can't change session duration	https://github.com/goauthentik/authentik/issues/793	https://github.com/goauthentik/authentik/commit/5769eb277cbf9b0dd26455f49b4d576d7ed117f6
sktime	sktime	[BUG] `day_of_year` is not generated in `DateTimeFeatures` transformation	https://github.com/sktime/sktime/issues/3188	https://github.com/sktime/sktime/pull/3222
sqlfluff	sqlfluff	MySQL: Dialect cannot parse `INTERVAL -30 DAYS`	https://github.com/sqlfluff/sqlfluff/issues/2224	https://github.com/rpr-ableton/sqlfluff/commit/142e3bc653107c691bb57f6dfd8617d4e97f5d08
sqlfluff	sqlfluff	Failing to parse expressions inside of interval (BigQuery)	https://github.com/sqlfluff/sqlfluff/issues/1005	https://github.com/sqlfluff/sqlfluff/pull/1009
mage-ai	mage-ai	timestamp out of range on windows	https://github.com/mage-ai/mage-ai/issues/3517	https://github.com/mage-ai/mage-ai/pull/3519
mage-ai	mage-ai	Fix the format of timestamp column in Trino exporter	https://github.com/mage-ai/mage-ai/issues/2788	https://github.com/mage-ai/mage-ai/pull/2943
mage-ai	mage-ai	[BUG] Snowflake destination incorrect timezone information on UTC dates	https://github.com/mage-ai/mage-ai/issues/4821	https://github.com/mage-ai/mage-ai/pull/4875
alteryx	featuretools	featuretools doesn't like datetime64[ns, UTC]	https://github.com/alteryx/featuretools/issues/300	https://github.com/alteryx/featuretools/pull/342
voxel51	fiftyone	[BUG] The epoch incorrectly renders as 0 in the App	https://github.com/voxel51/fiftyone/issues/1509	https://github.com/voxel51/fiftyone/pull/1369
voxel51	fiftyone	[BUG] App timezone issues	https://github.com/voxel51/fiftyone/issues/2111	https://github.com/voxel51/fiftyone/pull/2115
bentoml	BentoML	model creation time is always utc	https://github.com/bentoml/BentoML/issues/2540	https://github.com/bentoml/BentoML/pull/2572
MagicStack	asyncpg	Cannot write sdispater/Pendulum objects as timestamptz	https://github.com/MagicStack/asyncpg/issues/71	https://github.com/sdispater/pendulum/pull/93
LibrePhotos	librephotos	Make user's default timezone configurable in the settings	https://github.com/LibrePhotos/librephotos/issues/440	https://github.com/LibrePhotos/librephotos/pull/543
MycroftAI	mycroft-core	mycroft.format.nice_duration() output is awkward over long periods	https://github.com/MycroftAI/mycroft-core/issues/2295	https://github.com/ChanceNCounter/mycroft-core/commit/8314deaecd78b1bbbea15318e3c4309b91975e4e
brython-dev	brython	datetime doesn't parse cartain time format	https://github.com/brython-dev/brython/issues/1755	https://github.com/brython-dev/brython/commit/af709b4c042f826326d095bfacdfa876634fb95d
brython-dev	brython	datetime.strptime and time.strptime  don't parse dates with month > 9	https://github.com/brython-dev/brython/issues/1849	https://github.com/brython-dev/brython/commit/2e6b2fbcc80b65fdd62193a303e73cc38af6b766
brython-dev	brython	datetime.strptime and time.strptime  don't parse dates with month > 9	https://github.com/brython-dev/brython/issues/1849	https://github.com/brython-dev/brython/commit/2e6b2fbcc80b65fdd62193a303e73cc38af6b766
brython-dev	brython	datetime and time	https://github.com/brython-dev/brython/issues/10	https://github.com/brython-dev/brython/commit/0758324aa6cd1b9ae7b3a0e0ee24a13c7afcabdd
brython-dev	brython	datetime doesn't parse times correctly error in _strptime.js	https://github.com/brython-dev/brython/issues/1194	https://github.com/brython-dev/brython/commit/f269664d22804fb8ce6f3d14b2897fc308d90183
intel-analytics	ipex-llm	Orca `estimator.fit()` with ray backend need the `initial_epoch` parameter	https://github.com/intel-analytics/ipex-llm/issues/7293	https://github.com/intel-analytics/ipex-llm/pull/7375
sphinx-doc	sphinx	last_updated variable from sphinx build wrongly assumes UTC timezone	https://github.com/sphinx-doc/sphinx/issues/6527	https://github.com/sphinx-doc/sphinx/pull/6528
sdispater	pendulum	Consider releasing Pendulum 3 or 2.1.2 with patches	https://github.com/sdispater/pendulum/issues/753	https://github.com/anomaly/lab-python-server/commit/a830530a466e1b38a08458b7aaad6f5ca02e06d4
sdispater	pendulum	Remove deprecated datetime.datetime.utcfromtimestamp	https://github.com/sdispater/pendulum/issues/834	https://github.com/pydantic/pydantic-extra-types/pull/185
sdispater	pendulum	Interprets 2 digit year 85 as 2085 instead of 1985	https://github.com/sdispater/pendulum/issues/686	https://github.com/MrAlexBailey/pendulum-fix-YY/commit/1e560c9ccf5b11fd2beab409e81e123eb0ddb160
sdispater	pendulum	Can't install pendulum with pip install -t	https://github.com/sdispater/pendulum/issues/20	https://github.com/sdispater/pendulum/pull/22
sdispater	pendulum	"Inconsistency with 'parse(""13:00"")' depending if Pendulum is built with C extensions or not"	https://github.com/sdispater/pendulum/issues/210	https://github.com/sdispater/pendulum/pull/251
sdispater	pendulum	ERROR: Failed building wheel for pendulum	https://github.com/sdispater/pendulum/issues/457	https://github.com/Coldcard/ckbunker/pull/5
sdispater	pendulum	"When leap the years ,There are something about  the function of  ""week_of_month"""	https://github.com/sdispater/pendulum/issues/598	https://github.com/sdispater/pendulum/pull/766
googleapis	python-bigquery-pandas	tests.system.test_read_gbq: test_default_dtypes[issue365-extreme-datetimes-False] failed	https://github.com/googleapis/python-bigquery-pandas/issues/624	https://github.com/googleapis/python-bigquery-pandas/pull/627
googleapis	python-bigquery-pandas	tests.system.test_read_gbq: test_default_dtypes[issue365-extreme-datetimes-True] failed	https://github.com/googleapis/python-bigquery-pandas/issues/623	https://github.com/googleapis/python-bigquery-pandas/pull/627
ansible	ansibullbot	TypeError: unsupported operand type(s) for -: 'datetime.datetime' and 'NoneType'	https://github.com/ansible/ansibullbot/issues/1254	https://github.com/ansible/ansibullbot/pull/1270
jcrist	msgspec	Expand `datetime` support	https://github.com/jcrist/msgspec/issues/220	https://github.com/jcrist/msgspec/pull/221
browser-history	browser-history	[TESTS] test_browsers_* outcome is timezone-dependent	https://github.com/browser-history/browser-history/issues/90	https://github.com/browser-history/browser-history/pull/93
dateutil	dateutil	Incorrect timezone during PDT -> PST Switch	https://github.com/dateutil/dateutil/issues/57	https://github.com/dateutil/dateutil/pull/127
samuelcolvin	dirty-equals	unix datetime tests fail if TZ != UTC	https://github.com/samuelcolvin/dirty-equals/issues/33	https://github.com/samuelcolvin/dirty-equals/pull/81
python-humanize	humanize	"""27 years from now"" tests fail on platforms with 32-bit `time_t` (y2k38 problem)"	https://github.com/python-humanize/humanize/issues/176	https://github.com/mgorny/humanize/commit/14d9ba9443e26a872c30afcedfae036456cf5010
snowflakedb	snowflake-connector-python	SNOW-1444940: Write to pandas with datetime with timezone has no timezone in the resulting dataframe	https://github.com/snowflakedb/snowflake-connector-python/issues/1952	https://github.com/snowflakedb/snowflake-connector-python/pull/1954
agronholm	apscheduler	Standard tzinfo is not enough for apscheduler	https://github.com/agronholm/apscheduler/issues/384	https://github.com/agronholm/apscheduler/pull/391
snowflakedb	snowflake-connector-python	SNOW-889573: write_pandas incorrectly writes timestamp_tz	https://github.com/snowflakedb/snowflake-connector-python/issues/1687	https://github.com/dvorst/snowflake-connector-python/commit/0dedbeeabfa32e068bec9bd31c80f879d32d967d
dateutil	dateutil	Test failure: test_tzlocal_offset_equal[GMT-tzoff1] (dateutil 2.8.0)	https://github.com/dateutil/dateutil/issues/918	https://github.com/dateutil/dateutil/pull/928
danielgtaylor	python-betterproto	Timestamp bad parsing	https://github.com/danielgtaylor/python-betterproto/issues/407	https://github.com/Gobot1234/python-betterproto/commit/193c9137c3af9f4a88aa3f75d56429314243d510
dateutil	dateutil	Sensible defaults for tzinfos	https://github.com/dateutil/dateutil/issues/575	https://github.com/dateutil/dateutil/pull/540
O365	python-o365	PYTZ removal causes errors in latest release	https://github.com/O365/python-o365/issues/1011	https://github.com/O365/python-o365/pull/1038
stac-utils	pystac-client	search result depends on datetime format	https://github.com/stac-utils/pystac-client/issues/644	https://github.com/stac-utils/pystac-client/pull/686
Altinity	clickhouse-sink-connector	Specify timezone for DateTime / DateTime64 	https://github.com/Altinity/clickhouse-sink-connector/issues/349	https://github.com/Altinity/clickhouse-sink-connector/pull/374
ecederstrand	exchangelib	Cannot convert _start_timezone	https://github.com/ecederstrand/exchangelib/issues/273	https://github.com/ecederstrand/exchangelib/commit/89c19dbabff27da4ffaa37bafa20f065a9f97f9c
sentinel-hub	eo-learn	Adding DEMWCSInput to an existing patch overrides the DATA timestamps	https://github.com/sentinel-hub/eo-learn/issues/22	https://github.com/sentinel-hub/eo-learn/pull/24
sdispater	pendulum	RecursionError when add or subtract-ing with a fixed offset timezone	https://github.com/sdispater/pendulum/issues/422	https://github.com/sdispater/pendulum/pull/431
googleapis	google-cloud-python	Review the datetime helpers in gcloud._helpers.	https://github.com/googleapis/google-cloud-python/issues/1732	https://github.com/googleapis/google-cloud-python/pull/1691
Couchers-org	couchers	Timezone issues in DB	https://github.com/Couchers-org/couchers/issues/322	https://github.com/Couchers-org/couchers/pull/324
ecederstrand	exchangelib	EWSTimeZone errors out on dateutil.tz.UTC and dateutil local time zones	https://github.com/ecederstrand/exchangelib/issues/919	https://github.com/ecederstrand/exchangelib/commit/45da45f9b86bab69036d739d6dfcfce9a244a8e7
snowflakedb	snowflake-connector-python	SNOW-889806: Timezone is discarded when reading from Parquet files	https://github.com/snowflakedb/snowflake-connector-python/issues/1688	https://github.com/snowflakedb/snowflake-connector-python/pull/1706
MontrealCorpusTools	Montreal-Forced-Aligner	[BUG] TextGrid Output gives incorrect `intervals: size` when `includeBlankSpaces == True`	https://github.com/MontrealCorpusTools/Montreal-Forced-Aligner/issues/756	https://github.com/MontrealCorpusTools/Montreal-Forced-Aligner/commit/396121a173b8d1a02ff2d11d12999dc85b3686fa
scrapinghub	dateparser	Returned datetime skips a day with time+timezone input and PREFER_DATES_FROM = 'future'	https://github.com/scrapinghub/dateparser/issues/403	https://github.com/reminder-bot/bot/pull/15
wlcrs	huawei_solar	[Bug]: Timestamps don't match	https://github.com/wlcrs/huawei_solar/issues/64	https://github.com/wlcrs/huawei-solar-lib/commit/6edd1dd542057b6e12d1189415bd88f0cd66e241
jcrist	msgspec	Support float -> datetime	https://github.com/jcrist/msgspec/issues/448	https://github.com/jcrist/msgspec/pull/452
pytorch	ignite	[Feature Request] Setting # train steps per epoch	https://github.com/pytorch/ignite/issues/226	https://github.com/pytorch/ignite/pull/351
ClickHouse	clickhouse-connect	Timezone-aware DateTime64 columns now returned missing the timezone info	https://github.com/ClickHouse/clickhouse-connect/issues/136	https://github.com/ClickHouse/clickhouse-connect/pull/137
xcube-dev	xcube	Avoid using timezone-aware indexers on timezone-naive arrays	https://github.com/xcube-dev/xcube/issues/605	https://github.com/xcube-dev/xcube/commit/2bf1bea484ec33ff121461aa06a2390ebab1465f
sdispater	pendulum	interval diff.in_years() is returning incorrect values	https://github.com/sdispater/pendulum/issues/70	https://github.com/sdispater/pendulum/commit/8be054c17a1c4164b04b0112c7ad9226824dc060
CTFd	CTFd	S3 Uploader presigned url timestamp issue	https://github.com/CTFd/CTFd/issues/2431	https://github.com/BrandonIngalls/CTFd/commit/d4e2b5a7edec2fe9123cae24fbf1146b545cfd4f
GenericMappingTools	pygmt	pygmt-session [ERROR]: GMT_COMPATIBILITY: Expects values from 6 to 6; reset to 6.	https://github.com/GenericMappingTools/pygmt/issues/428	https://github.com/GenericMappingTools/pygmt/pull/432
insightindustry	sqlathanor	Another issue deserializing Interval	https://github.com/insightindustry/sqlathanor/issues/80	https://github.com/insightindustry/sqlathanor/commit/c0e526bcecb1b324acff808870aba8d5ce3cb576
googleapis	python-bigquery-pandas	TST: dtype for BigQuery TIMESTAMP unexpectedly using datetime64[ns, UTC] dtype	https://github.com/googleapis/python-bigquery-pandas/issues/261	https://github.com/googleapis/python-bigquery-pandas/pull/262
TailorDev	Watson	Breaking changes with arrow 1.0.0	https://github.com/TailorDev/Watson/issues/407	https://github.com/veganjay/Watson/commit/e9097c53aadca48d24cf214753613fe22b78fa1b
ecederstrand	exchangelib	Unable to process Amazon WorkMail server timezone data	https://github.com/ecederstrand/exchangelib/issues/1058	https://github.com/cygnus9/exchangelib/commit/66f50cd009b7ece9bc0455b35307512fb0e5b7dd
GoogleCloudPlatform	professional-services-data-validator	validate column: error handling a very large timestamp '9999-12-31 23:59:59'	https://github.com/GoogleCloudPlatform/professional-services-data-validator/issues/1053	https://github.com/GoogleCloudPlatform/professional-services-data-validator/pull/1117
Pycord-Development	pycord	Task repeats a Hundred Billion Times when task's timezone is not UTC	https://github.com/Pycord-Development/pycord/issues/2187	https://github.com/Pycord-Development/pycord/pull/2196
stac-utils	stac-fastapi	sqlalchemy backend does not support non-interval datetime values	https://github.com/stac-utils/stac-fastapi/issues/256	https://github.com/stac-utils/stac-fastapi/pull/262
model-bakers	model_bakery	Replace timezone code by Django's built in solution	https://github.com/model-bakers/model_bakery/issues/35	https://github.com/model-bakers/model_bakery/pull/37
sissaschool	xmlschema	dateTime with microseconds and timezone offset problem	https://github.com/sissaschool/xmlschema/issues/85	https://github.com/sissaschool/xmlschema/commit/3c7e4d2577bf002ff92f1252c7ea64a9c88e98de
pypa	setuptools_scm	ScmVersion time sould be UTC for (dirty) repo with local_scheme 'node-and-date' or 'node-and-timestamp'	https://github.com/pypa/setuptools_scm/issues/391	https://github.com/pypa/setuptools_scm/pull/408
MTrab	landroid_cloud	Last Update time TimeZone in 4.0.0b3	https://github.com/MTrab/landroid_cloud/issues/474	https://github.com/MTrab/landroid_cloud/pull/476
neo4j	neo4j-python-driver	Microsecond bug in neo4j.time.DateTime.to_native() 	https://github.com/neo4j/neo4j-python-driver/issues/525	https://github.com/robsdedude/neo4j-python-driver/commit/ce79f6732a948553e0fbd889e629e637a615d35c
pvlib	pvlib-python	Addressing unequal times error from pvlib.temperature.prilliman with no leap day	https://github.com/pvlib/pvlib-python/issues/1476	https://github.com/pvlib/pvlib-python/pull/1490
pvlib	pvlib-python	Addressing unequal times error from pvlib.temperature.prilliman with no leap day	https://github.com/pvlib/pvlib-python/issues/1476	https://github.com/pvlib/pvlib-python/pull/1490
O365	python-o365	Timezone issues on IBM Cloud Functions	https://github.com/O365/python-o365/issues/257	https://github.com/O365/python-o365/commit/ad061bc9754f589c919e06941397aa5e50133f45
pretix	pretix	Event time with timezone	https://github.com/pretix/pretix/issues/428	https://github.com/pretix/pretix/pull/432
hardbyte	python-can	send_periodic with non-None duration sends one extra message before stopping	https://github.com/hardbyte/python-can/issues/1710	https://github.com/hardbyte/python-can/pull/1713
ofek	pypinfo	No matching signature for function DATE_ADD for argument types: TIMESTAMP, INTERVAL INT64 DATE_TIME_PART	https://github.com/ofek/pypinfo/issues/108	https://github.com/ofek/pypinfo/pull/109
dateutil	dateutil	Inconsistent equality test around DST change with shared tzfile	https://github.com/dateutil/dateutil/issues/338	https://github.com/man-group/arctic/pull/305
dateutil	dateutil	ValueError: tzinfo.utcoffset() returned 1440; must be in -1439 .. 1439	https://github.com/dateutil/dateutil/issues/135	https://github.com/SiCKRAGE/SiCKRAGE/pull/3009
MatthiasValvekens	pyHanko	Test fail if no timezone is set on system	https://github.com/MatthiasValvekens/pyHanko/issues/256	https://github.com/MatthiasValvekens/pyHanko/commit/7caca7c7a0434d9400049847aea747a89743be87
aws	aws-sdk-pandas	Timezone being interpreted incorrectly	https://github.com/aws/aws-sdk-pandas/issues/444	https://github.com/aws/aws-sdk-pandas/commit/6c34c7a7251346c9a45089e25c06fcaddf89c394
dora-metrics	pelorus	convert_date_time_to_timestamp incorrectly handles timezones	https://github.com/dora-metrics/pelorus/issues/662	https://github.com/dora-metrics/pelorus/pull/664
oppia	oppia	[BUG]: UTC timestamp is not calculated in the server correctly	https://github.com/oppia/oppia/issues/18779	https://github.com/oppia/oppia/pull/18780
tobymao	sqlglot	Support for Presto/Trino's interval syntax	https://github.com/tobymao/sqlglot/issues/1410	https://github.com/tobymao/sqlglot/pull/1413
Azure	azure-functions-durable-python	context.create_timer() fails when microseconds = 0	https://github.com/Azure/azure-functions-durable-python/issues/220	https://github.com/Azure/azure-functions-durable-python/pull/228
snowflakedb	snowflake-connector-python	SNOW-499493: Some interval math off by one microsecond for years beyond ~2250	https://github.com/snowflakedb/snowflake-connector-python/issues/926	https://github.com/snowflakedb/snowflake-connector-python/pull/1030
googleapis	python-storage	Accessing blob.custom_time errors on 0 microsecond timestamp	https://github.com/googleapis/python-storage/issues/363	https://github.com/googleapis/python-storage/pull/371
jcrist	msgspec	Retain timezone offset for datetime	https://github.com/jcrist/msgspec/issues/384	https://github.com/jcrist/msgspec/pull/391
sibson	redbeat	Tasks are running twice - potential solution: use pytz.timezone.localize instead of tzinfo in datetime	https://github.com/sibson/redbeat/issues/160	https://github.com/sibson/redbeat/pull/161
fossasia	open-event-server	Migrate all data in datetime fields to `time-stamp with timezone`	https://github.com/fossasia/open-event-server/issues/3739	https://github.com/fossasia/open-event-server/pull/3708
vinteo	hass-opensprinkler	Last run sensor time seems to be off due to timezones	https://github.com/vinteo/hass-opensprinkler/issues/89	https://github.com/vinteo/hass-opensprinkler/pull/114
flopp	GpxTrackPoster	Incorrect case of month names	https://github.com/flopp/GpxTrackPoster/issues/50	https://github.com/flopp/GpxTrackPoster/pull/65
sdispater	pendulum	Error dividing duration by float	https://github.com/sdispater/pendulum/issues/525	https://github.com/sdispater/pendulum/pull/593
RhetTbull	osxphotos	utc to local timezone handling wrong	https://github.com/RhetTbull/osxphotos/issues/1356	https://github.com/RhetTbull/osxphotos/pull/1357
certtools	intelmq	Harmonization DateTime incorrect handling of naive time strings	https://github.com/certtools/intelmq/issues/2278	https://github.com/gethvi/intelmq/commit/213ab60985d5b4ab2d1e6923c5d588b5efaf0c1c
mathiasertl	django-ca	command sign_cert: can't compare offset-naive and offset-aware datetimes	https://github.com/mathiasertl/django-ca/issues/29	https://github.com/redNixon/django-ca/commit/3c9411db05a0cae62ad3b7c5da62e4e8ea7eca21
googleapis	google-cloud-python	DISCUSSION: Should deserialized timestamps have a timezone?	https://github.com/googleapis/google-cloud-python/issues/279	https://github.com/dhermes/google-cloud-python/commit/b1b2aec3af0959a85ab1a3015e8c82468698120b
DadosAbertosDeFeira	maria-quiteria	"Remover warnings.warn(""DateTimeField %s received a naive datetime (%s)"""	https://github.com/DadosAbertosDeFeira/maria-quiteria/issues/239	https://github.com/rudaporto/maria-quiteria/commit/e01e56d1f0dd521c01c7e71dbf69f5a715308bb5
GenericMappingTools	pygmt	Allow brave users to run PyGMT with old GMT versions?	https://github.com/GenericMappingTools/pygmt/issues/1991	https://github.com/GenericMappingTools/pygmt/pull/1838
sdispater	pendulum	Duration methods (total_days(), in_days()) return incorrect values and/or do not match docs	https://github.com/sdispater/pendulum/issues/475	https://github.com/sdispater/pendulum/pull/482
evroon	bracket	Datetime issues when Postgres database has a timezone set.	https://github.com/evroon/bracket/issues/676	https://github.com/evroon/bracket/pull/677
GenericMappingTools	pygmt	Figure.grdcontour crashes for GMT dev (the upcoming v6.2.0)	https://github.com/GenericMappingTools/pygmt/issues/1177	https://github.com/GenericMappingTools/gmt/pull/5099
meteostat	meteostat-python	`Hourly` attempts to fetch data of next year	https://github.com/meteostat/meteostat-python/issues/132	https://github.com/meteostat/meteostat-python/commit/e3a927e6595d596e1b2649ea44b7df860e0760c6
google	slo-generator	üêõ [BUG] - Cloud Monitoring MQL uses local timezone rather than UTC	https://github.com/google/slo-generator/issues/329	https://github.com/google/slo-generator/pull/326
vacanza	python-holidays	Georgia: Martin Luther King Day	https://github.com/vacanza/python-holidays/issues/25	https://github.com/vacanza/python-holidays/commit/ce59484b74e023ce42af339e291df2811ffefb4b
litestar-org	litestar	Bug: test failures where local date different from UTC	https://github.com/litestar-org/litestar/issues/1491	https://github.com/litestar-org/litestar/commit/d114c811edd18ee5895b44cbfd6e54b217126e73
sdispater	pendulum	Pendulum can not find timezone on Alpine docker, resulting in `.now()` being broken	https://github.com/sdispater/pendulum/issues/715	https://github.com/sdispater/pendulum/commit/879250702da7e2f51e27c122d8d53cbbb3b734fd
closeio	ciso8601	Better error handling if pytz is missing	https://github.com/closeio/ciso8601/issues/19	https://github.com/mozilla-services/buildhub/pull/444
stac-utils	stac-fastapi	Issues with Search datetime parameter parsing - blank start or end range and lowercase t or z	https://github.com/stac-utils/stac-fastapi/issues/161	https://github.com/stac-utils/stac-fastapi/pull/368
pvlib	pvlib-python	Set leap_day=True as default in pvlib.iotools.get_psm3()	https://github.com/pvlib/pvlib-python/issues/1481	https://github.com/pvlib/pvlib-python/pull/1500
pvlib	pvlib-python	Set leap_day=True as default in pvlib.iotools.get_psm3()	https://github.com/pvlib/pvlib-python/issues/1481	https://github.com/pvlib/pvlib-python/pull/1511
dateutil	dateutil	Parser error with unambiguous date in year 31	https://github.com/dateutil/dateutil/issues/687	https://github.com/dateutil/dateutil/commit/b99a98c72582a49f7b10f2abd1e09f2518d4ed66
scikit-learn-contrib	category_encoders	CountEncoder incorrectly counts Timestamp columns	https://github.com/scikit-learn-contrib/category_encoders/issues/412	https://github.com/scikit-learn-contrib/category_encoders/pull/415
python-humanize	humanize	Negative amounts of time result in `a day` from naturaldelta	https://github.com/python-humanize/humanize/issues/171	https://github.com/python-humanize/humanize/pull/173
ClickHouse	clickhouse-connect	Timezone info is not present in the result when querying with `columns_tzs` or `query_tz`	https://github.com/ClickHouse/clickhouse-connect/issues/210	https://github.com/ClickHouse/clickhouse-connect/pull/218
sdispater	pendulum	deepcopy on DateTime produces incorrect offset in copy during dst transition	https://github.com/sdispater/pendulum/issues/767	https://github.com/sdispater/pendulum/commit/eab4f0e4bcd75468e463da3c5fc5eff60d37a696
ietf-tools	datatracker	"enforce ""important-dates"" deadlines in UTC"	https://github.com/ietf-tools/datatracker/issues/4436	https://github.com/ietf-tools/datatracker/pull/4612
sdispater	pendulum	Initialize from existing `datetime.date` object?	https://github.com/sdispater/pendulum/issues/250	https://github.com/sdispater/pendulum/pull/732
aws	aws-sdk-pandas	Cannot set TimeUnit to MICROSECONDS	https://github.com/aws/aws-sdk-pandas/issues/2261	https://github.com/aws/aws-sdk-pandas/pull/2263
O365	python-o365	Problems with Timezones	https://github.com/O365/python-o365/issues/238	https://github.com/O365/python-o365/commit/94f27f6417010b0b9e2b57b9aec74d95d4db7253
ibis-project	ibis	Milliseconds extraction problem in duckdb (and possibly, postgres)	https://github.com/ibis-project/ibis/issues/4054	https://github.com/ibis-project/ibis/pull/4055
dateutil	dateutil	timezone info not used when inbetween	https://github.com/dateutil/dateutil/issues/189	https://github.com/ZeroCater/zc_common/pull/2
sdispater	pendulum	deepcopy of dict containing datetime  ~1000x slower with pendulum 1.4.1	https://github.com/sdispater/pendulum/issues/234	https://github.com/sdispater/pendulum/pull/235
census-instrumentation	opencensus-python	all: refactor by extraction code for conversion from timestampStr to microseconds	https://github.com/census-instrumentation/opencensus-python/issues/328	https://github.com/census-instrumentation/opencensus-python/pull/327
scrapinghub	dateparser	dateparser.parse('02/2013', ['%m/%Y']) gives wrong datetime	https://github.com/scrapinghub/dateparser/issues/607	https://github.com/scrapinghub/dateparser/pull/611
rpy2	rpy2	rpy2.robjects.POSIXct([datetime]) does not work	https://github.com/rpy2/rpy2/issues/914	https://github.com/rpy2/rpy2/pull/917
sdispater	pendulum	"Negative ""week_of_month"" Values"	https://github.com/sdispater/pendulum/issues/536	https://github.com/sdispater/pendulum/commit/84497bb2cab964be0a470596e21eade6d64a7846
maximdanilchenko	aiochclient	microseconds are lost for datetime unconvert	https://github.com/maximdanilchenko/aiochclient/issues/58	https://github.com/maximdanilchenko/aiochclient/commit/2168222038552bbb83b7fba243e59ea0cd0228e9
pymedusa	Medusa	[APP SUBMITTED]: TypeError: unsupported type for timedelta days component: unicode	https://github.com/pymedusa/Medusa/issues/1455	https://github.com/pymedusa/Medusa/commit/28eb5742a9d03bea585a8d113b9c3a5706e52d7c
dateutil	dateutil	Creating a relativedelta instance with floating point value in integer quantity for months or years	https://github.com/dateutil/dateutil/issues/411	https://github.com/dateutil/dateutil/pull/553
dateutil	dateutil	Creating a relativedelta instance with floating point value in integer quantity for months or years	https://github.com/dateutil/dateutil/issues/411	https://github.com/dateutil/dateutil/pull/553
