,"Deprecated methods are dangerous and can cause silent failures or unexpected behaviour.","warning","Deprecated methods such as [[""utcnow""|""relative:///monolith/native_training/save_utils.py:229:13:229:29""]] should not be used.","/monolith/native_training/save_utils.py","229","13","229","29"
,"Deprecated methods are dangerous and can cause silent failures or unexpected behaviour.","warning","Deprecated methods such as [[""utcnow""|""relative:///monolith/native_training/save_utils.py:230:13:230:29""]] should not be used.","/monolith/native_training/save_utils.py","230","13","230","29"
,"Deprecated methods are dangerous and can cause silent failures or unexpected behaviour.","warning","Deprecated methods such as [[""utcnow""|""relative:///monolith/native_training/session_run_hooks.py:34:19:34:35""]] should not be used.","/monolith/native_training/session_run_hooks.py","34","19","34","35"
,"Deprecated methods are dangerous and can cause silent failures or unexpected behaviour.","warning","Deprecated methods such as [[""utcnow""|""relative:///monolith/native_training/session_run_hooks.py:35:19:35:35""]] should not be used.","/monolith/native_training/session_run_hooks.py","35","19","35","35"
,"Deprecated methods are dangerous and can cause silent failures or unexpected behaviour.","warning","Deprecated methods such as [[""utcnow""|""relative:///monolith/native_training/session_run_hooks.py:37:23:37:39""]] should not be used.","/monolith/native_training/session_run_hooks.py","37","23","37","39"
,"Deprecated methods are dangerous and can cause silent failures or unexpected behaviour.","warning","Deprecated methods such as [[""utcnow""|""relative:///monolith/native_training/session_run_hooks.py:38:23:38:39""]] should not be used.","/monolith/native_training/session_run_hooks.py","38","23","38","39"
,"Deprecated methods are dangerous and can cause silent failures or unexpected behaviour.","warning","Deprecated methods such as [[""utcnow""|""relative:///monolith/native_training/session_run_hooks.py:43:15:43:31""]] should not be used.","/monolith/native_training/session_run_hooks.py","43","15","43","31"
,"Deprecated methods are dangerous and can cause silent failures or unexpected behaviour.","warning","Deprecated methods such as [[""utcnow""|""relative:///monolith/native_training/session_run_hooks.py:44:15:44:31""]] should not be used.","/monolith/native_training/session_run_hooks.py","44","15","44","31"
,"Deprecated methods are dangerous and can cause silent failures or unexpected behaviour.","warning","Deprecated methods such as [[""utcnow""|""relative:///monolith/native_training/session_run_hooks.py:46:19:46:35""]] should not be used.","/monolith/native_training/session_run_hooks.py","46","19","46","35"
,"Deprecated methods are dangerous and can cause silent failures or unexpected behaviour.","warning","Deprecated methods such as [[""utcnow""|""relative:///monolith/native_training/session_run_hooks.py:47:19:47:35""]] should not be used.","/monolith/native_training/session_run_hooks.py","47","19","47","35"
,"Deprecated methods are dangerous and can cause silent failures or unexpected behaviour.","warning","Deprecated methods such as [[""utcnow""|""relative:///monolith/native_training/session_run_hooks.py:106:15:106:31""]] should not be used.","/monolith/native_training/session_run_hooks.py","106","15","106","31"
,"Deprecated methods are dangerous and can cause silent failures or unexpected behaviour.","warning","Deprecated methods such as [[""utcnow""|""relative:///monolith/native_training/session_run_hooks.py:107:15:107:31""]] should not be used.","/monolith/native_training/session_run_hooks.py","107","15","107","31"
,"Deprecated methods are dangerous and can cause silent failures or unexpected behaviour.","warning","Deprecated methods such as [[""utcnow""|""relative:///monolith/native_training/session_run_hooks.py:168:13:168:29""]] should not be used.","/monolith/native_training/session_run_hooks.py","168","13","168","29"
,"Deprecated methods are dangerous and can cause silent failures or unexpected behaviour.","warning","Deprecated methods such as [[""utcnow""|""relative:///monolith/native_training/session_run_hooks.py:169:13:169:29""]] should not be used.","/monolith/native_training/session_run_hooks.py","169","13","169","29"
,"Deprecated methods are dangerous and can cause silent failures or unexpected behaviour.","warning","Deprecated methods such as [[""utcnow""|""relative:///monolith/native_training/sync_training_hooks.py:124:18:124:34""]] should not be used.","/monolith/native_training/sync_training_hooks.py","124","18","124","34"
