,"Deprecated methods are dangerous and can cause silent failures or unexpected behaviour.","warning","Deprecated methods such as [[""utcfromtimestamp""|""relative:///17BTCRecoverCryptoGuide/lib/_setup/stamp.py:114:22:114:60""]] should not be used.","/17BTCRecoverCryptoGuide/lib/_setup/stamp.py","114","22","114","60"
,"Deprecated methods are dangerous and can cause silent failures or unexpected behaviour.","warning","Deprecated methods such as [[""utcfromtimestamp""|""relative:///17BTCRecoverCryptoGuide/lib/passlib/_setup/stamp.py:114:22:114:60""]] should not be used.","/17BTCRecoverCryptoGuide/lib/passlib/_setup/stamp.py","114","22","114","60"
,"Deprecated methods are dangerous and can cause silent failures or unexpected behaviour.","warning","Deprecated methods such as [[""utcfromtimestamp""|""relative:///17BTCRecoverCryptoGuide/lib/tests/test_totp.py:65:25:65:72""]] should not be used.","/17BTCRecoverCryptoGuide/lib/tests/test_totp.py","65","25","65","72"
,"Deprecated methods are dangerous and can cause silent failures or unexpected behaviour.","warning","Deprecated methods such as [[""utcfromtimestamp""|""relative:///17BTCRecoverCryptoGuide/lib/tests/test_totp.py:788:18:788:57""]] should not be used.","/17BTCRecoverCryptoGuide/lib/tests/test_totp.py","788","18","788","57"
,"Deprecated methods are dangerous and can cause silent failures or unexpected behaviour.","warning","Deprecated methods such as [[""utcfromtimestamp""|""relative:///17BTCRecoverCryptoGuide/lib/tests/test_totp.py:891:14:891:53""]] should not be used.","/17BTCRecoverCryptoGuide/lib/tests/test_totp.py","891","14","891","53"
,"Deprecated methods are dangerous and can cause silent failures or unexpected behaviour.","warning","Deprecated methods such as [[""utcfromtimestamp""|""relative:///17BTCRecoverCryptoGuide/lib/tests/test_totp.py:1054:14:1054:53""]] should not be used.","/17BTCRecoverCryptoGuide/lib/tests/test_totp.py","1054","14","1054","53"
,"Deprecated methods are dangerous and can cause silent failures or unexpected behaviour.","warning","Deprecated methods such as [[""utcfromtimestamp""|""relative:///17BTCRecoverCryptoGuide/lib/passlib/tests/test_totp.py:65:25:65:72""]] should not be used.","/17BTCRecoverCryptoGuide/lib/passlib/tests/test_totp.py","65","25","65","72"
,"Deprecated methods are dangerous and can cause silent failures or unexpected behaviour.","warning","Deprecated methods such as [[""utcfromtimestamp""|""relative:///17BTCRecoverCryptoGuide/lib/passlib/tests/test_totp.py:788:18:788:57""]] should not be used.","/17BTCRecoverCryptoGuide/lib/passlib/tests/test_totp.py","788","18","788","57"
,"Deprecated methods are dangerous and can cause silent failures or unexpected behaviour.","warning","Deprecated methods such as [[""utcfromtimestamp""|""relative:///17BTCRecoverCryptoGuide/lib/passlib/tests/test_totp.py:891:14:891:53""]] should not be used.","/17BTCRecoverCryptoGuide/lib/passlib/tests/test_totp.py","891","14","891","53"
,"Deprecated methods are dangerous and can cause silent failures or unexpected behaviour.","warning","Deprecated methods such as [[""utcfromtimestamp""|""relative:///17BTCRecoverCryptoGuide/lib/passlib/tests/test_totp.py:1054:14:1054:53""]] should not be used.","/17BTCRecoverCryptoGuide/lib/passlib/tests/test_totp.py","1054","14","1054","53"
,"Deprecated methods are dangerous and can cause silent failures or unexpected behaviour.","warning","Deprecated methods such as [[""utcfromtimestamp""|""relative:///17BTCRecoverCryptoGuide/lib/bitcoinlib/transactions.py:1324:50:1324:89""]] should not be used.","/17BTCRecoverCryptoGuide/lib/bitcoinlib/transactions.py","1324","50","1324","89"
