,"Deprecated methods are dangerous and can cause silent failures or unexpected behaviour.","warning","Deprecated methods such as [[""utcnow""|""relative:///horde/apis/v2/base.py:2735:22:2735:38""]] should not be used.","/horde/apis/v2/base.py","2735","22","2735","38"
,"Deprecated methods are dangerous and can cause silent failures or unexpected behaviour.","warning","Deprecated methods such as [[""utcnow""|""relative:///horde/apis/v2/base.py:2868:36:2868:52""]] should not be used.","/horde/apis/v2/base.py","2868","36","2868","52"
,"Deprecated methods are dangerous and can cause silent failures or unexpected behaviour.","warning","Deprecated methods such as [[""utcnow""|""relative:///horde/detection.py:36:29:36:45""]] should not be used.","/horde/detection.py","36","29","36","45"
,"Deprecated methods are dangerous and can cause silent failures or unexpected behaviour.","warning","Deprecated methods such as [[""utcnow""|""relative:///horde/detection.py:75:32:75:48""]] should not be used.","/horde/detection.py","75","32","75","48"
,"Deprecated methods are dangerous and can cause silent failures or unexpected behaviour.","warning","Deprecated methods such as [[""utcnow""|""relative:///horde/detection.py:112:29:112:45""]] should not be used.","/horde/detection.py","112","29","112","45"
,"Deprecated methods are dangerous and can cause silent failures or unexpected behaviour.","warning","Deprecated methods such as [[""utcnow""|""relative:///horde/database/functions.py:85:92:85:108""]] should not be used.","/horde/database/functions.py","85","92","85","108"
,"Deprecated methods are dangerous and can cause silent failures or unexpected behaviour.","warning","Deprecated methods such as [[""utcnow""|""relative:///horde/database/functions.py:87:90:87:106""]] should not be used.","/horde/database/functions.py","87","90","87","106"
,"Deprecated methods are dangerous and can cause silent failures or unexpected behaviour.","warning","Deprecated methods such as [[""utcnow""|""relative:///horde/database/functions.py:91:57:91:73""]] should not be used.","/horde/database/functions.py","91","57","91","73"
,"Deprecated methods are dangerous and can cause silent failures or unexpected behaviour.","warning","Deprecated methods such as [[""utcnow""|""relative:///horde/database/functions.py:106:87:106:103""]] should not be used.","/horde/database/functions.py","106","87","106","103"
,"Deprecated methods are dangerous and can cause silent failures or unexpected behaviour.","warning","Deprecated methods such as [[""utcnow""|""relative:///horde/database/functions.py:109:45:109:61""]] should not be used.","/horde/database/functions.py","109","45","109","61"
,"Deprecated methods are dangerous and can cause silent failures or unexpected behaviour.","warning","Deprecated methods such as [[""utcnow""|""relative:///horde/database/functions.py:293:46:293:62""]] should not be used.","/horde/database/functions.py","293","46","293","62"
,"Deprecated methods are dangerous and can cause silent failures or unexpected behaviour.","warning","Deprecated methods such as [[""utcnow""|""relative:///horde/database/functions.py:776:41:776:57""]] should not be used.","/horde/database/functions.py","776","41","776","57"
,"Deprecated methods are dangerous and can cause silent failures or unexpected behaviour.","warning","Deprecated methods such as [[""utcnow""|""relative:///horde/database/functions.py:920:41:920:57""]] should not be used.","/horde/database/functions.py","920","41","920","57"
,"Deprecated methods are dangerous and can cause silent failures or unexpected behaviour.","warning","Deprecated methods such as [[""utcnow""|""relative:///horde/database/functions.py:1210:41:1210:57""]] should not be used.","/horde/database/functions.py","1210","41","1210","57"
,"Deprecated methods are dangerous and can cause silent failures or unexpected behaviour.","warning","Deprecated methods such as [[""utcnow""|""relative:///horde/database/functions.py:1223:41:1223:57""]] should not be used.","/horde/database/functions.py","1223","41","1223","57"
,"Deprecated methods are dangerous and can cause silent failures or unexpected behaviour.","warning","Deprecated methods such as [[""utcnow""|""relative:///horde/database/functions.py:1274:20:1274:36""]] should not be used.","/horde/database/functions.py","1274","20","1274","36"
,"Deprecated methods are dangerous and can cause silent failures or unexpected behaviour.","warning","Deprecated methods such as [[""utcnow""|""relative:///horde/database/functions.py:1297:42:1297:58""]] should not be used.","/horde/database/functions.py","1297","42","1297","58"
,"Deprecated methods are dangerous and can cause silent failures or unexpected behaviour.","warning","Deprecated methods such as [[""utcnow""|""relative:///horde/database/functions.py:1442:48:1442:64""]] should not be used.","/horde/database/functions.py","1442","48","1442","64"
,"Deprecated methods are dangerous and can cause silent failures or unexpected behaviour.","warning","Deprecated methods such as [[""utcnow""|""relative:///horde/database/functions.py:1445:42:1445:58""]] should not be used.","/horde/database/functions.py","1445","42","1445","58"
,"Deprecated methods are dangerous and can cause silent failures or unexpected behaviour.","warning","Deprecated methods such as [[""utcnow""|""relative:///horde/classes/stable/interrogation.py:58:26:58:42""]] should not be used.","/horde/classes/stable/interrogation.py","58","26","58","42"
,"Deprecated methods are dangerous and can cause silent failures or unexpected behaviour.","warning","Deprecated methods such as [[""utcnow""|""relative:///horde/classes/stable/interrogation.py:120:28:120:44""]] should not be used.","/horde/classes/stable/interrogation.py","120","28","120","44"
,"Deprecated methods are dangerous and can cause silent failures or unexpected behaviour.","warning","Deprecated methods such as [[""utcnow""|""relative:///horde/classes/stable/interrogation.py:164:16:164:32""]] should not be used.","/horde/classes/stable/interrogation.py","164","16","164","32"
,"Deprecated methods are dangerous and can cause silent failures or unexpected behaviour.","warning","Deprecated methods such as [[""utcnow""|""relative:///horde/classes/stable/interrogation.py:256:12:256:28""]] should not be used.","/horde/classes/stable/interrogation.py","256","12","256","28"
,"Deprecated methods are dangerous and can cause silent failures or unexpected behaviour.","warning","Deprecated methods such as [[""utcnow""|""relative:///horde/classes/base/processing_generation.py:165:17:165:33""]] should not be used.","/horde/classes/base/processing_generation.py","165","17","165","33"
,"Deprecated methods are dangerous and can cause silent failures or unexpected behaviour.","warning","Deprecated methods such as [[""utcnow""|""relative:///horde/classes/base/processing_generation.py:178:28:178:44""]] should not be used.","/horde/classes/base/processing_generation.py","178","28","178","44"
,"Deprecated methods are dangerous and can cause silent failures or unexpected behaviour.","warning","Deprecated methods such as [[""utcnow""|""relative:///horde/apis/v2/stable.py:721:33:721:49""]] should not be used.","/horde/apis/v2/stable.py","721","33","721","49"
,"Deprecated methods are dangerous and can cause silent failures or unexpected behaviour.","warning","Deprecated methods such as [[""utcnow""|""relative:///horde/classes/base/stats.py:38:22:38:38""]] should not be used.","/horde/classes/base/stats.py","38","22","38","38"
,"Deprecated methods are dangerous and can cause silent failures or unexpected behaviour.","warning","Deprecated methods such as [[""utcnow""|""relative:///horde/classes/base/stats.py:57:47:57:63""]] should not be used.","/horde/classes/base/stats.py","57","47","57","63"
,"Deprecated methods are dangerous and can cause silent failures or unexpected behaviour.","warning","Deprecated methods such as [[""utcnow""|""relative:///horde/classes/base/team.py:102:28:102:44""]] should not be used.","/horde/classes/base/team.py","102","28","102","44"
,"Deprecated methods are dangerous and can cause silent failures or unexpected behaviour.","warning","Deprecated methods such as [[""utcnow""|""relative:///horde/classes/base/team.py:109:28:109:44""]] should not be used.","/horde/classes/base/team.py","109","28","109","44"
,"Deprecated methods are dangerous and can cause silent failures or unexpected behaviour.","warning","Deprecated methods such as [[""utcnow""|""relative:///horde/database/text_functions.py:58:40:58:56""]] should not be used.","/horde/database/text_functions.py","58","40","58","56"
,"Deprecated methods are dangerous and can cause silent failures or unexpected behaviour.","warning","Deprecated methods such as [[""utcnow""|""relative:///horde/database/text_functions.py:137:40:137:56""]] should not be used.","/horde/database/text_functions.py","137","40","137","56"
,"Deprecated methods are dangerous and can cause silent failures or unexpected behaviour.","warning","Deprecated methods such as [[""utcnow""|""relative:///horde/database/text_functions.py:183:48:183:64""]] should not be used.","/horde/database/text_functions.py","183","48","183","64"
,"Deprecated methods are dangerous and can cause silent failures or unexpected behaviour.","warning","Deprecated methods such as [[""utcnow""|""relative:///horde/database/text_functions.py:186:42:186:58""]] should not be used.","/horde/database/text_functions.py","186","42","186","58"
,"Deprecated methods are dangerous and can cause silent failures or unexpected behaviour.","warning","Deprecated methods such as [[""utcnow""|""relative:///horde/database/threads.py:143:23:143:39""]] should not be used.","/horde/database/threads.py","143","23","143","39"
,"Deprecated methods are dangerous and can cause silent failures or unexpected behaviour.","warning","Deprecated methods such as [[""utcnow""|""relative:///horde/database/threads.py:237:23:237:39""]] should not be used.","/horde/database/threads.py","237","23","237","39"
,"Deprecated methods are dangerous and can cause silent failures or unexpected behaviour.","warning","Deprecated methods such as [[""utcnow""|""relative:///horde/classes/base/user.py:175:54:175:70""]] should not be used.","/horde/classes/base/user.py","175","54","175","70"
,"Deprecated methods are dangerous and can cause silent failures or unexpected behaviour.","warning","Deprecated methods such as [[""utcnow""|""relative:///horde/classes/base/user.py:571:32:571:48""]] should not be used.","/horde/classes/base/user.py","571","32","571","48"
,"Deprecated methods are dangerous and can cause silent failures or unexpected behaviour.","warning","Deprecated methods such as [[""utcnow""|""relative:///horde/classes/base/user.py:581:28:581:44""]] should not be used.","/horde/classes/base/user.py","581","28","581","44"
,"Deprecated methods are dangerous and can cause silent failures or unexpected behaviour.","warning","Deprecated methods such as [[""utcnow""|""relative:///horde/classes/base/user.py:603:28:603:44""]] should not be used.","/horde/classes/base/user.py","603","28","603","44"
,"Deprecated methods are dangerous and can cause silent failures or unexpected behaviour.","warning","Deprecated methods such as [[""utcnow""|""relative:///horde/classes/base/user.py:623:13:623:29""]] should not be used.","/horde/classes/base/user.py","623","13","623","29"
,"Deprecated methods are dangerous and can cause silent failures or unexpected behaviour.","warning","Deprecated methods such as [[""utcnow""|""relative:///horde/classes/base/user.py:636:48:636:64""]] should not be used.","/horde/classes/base/user.py","636","48","636","64"
,"Deprecated methods are dangerous and can cause silent failures or unexpected behaviour.","warning","Deprecated methods such as [[""utcnow""|""relative:///horde/classes/base/user.py:652:32:652:48""]] should not be used.","/horde/classes/base/user.py","652","32","652","48"
,"Deprecated methods are dangerous and can cause silent failures or unexpected behaviour.","warning","Deprecated methods such as [[""utcnow""|""relative:///horde/classes/base/user.py:664:52:664:68""]] should not be used.","/horde/classes/base/user.py","664","52","664","68"
,"Deprecated methods are dangerous and can cause silent failures or unexpected behaviour.","warning","Deprecated methods such as [[""utcnow""|""relative:///horde/classes/base/user.py:799:26:799:42""]] should not be used.","/horde/classes/base/user.py","799","26","799","42"
,"Deprecated methods are dangerous and can cause silent failures or unexpected behaviour.","warning","Deprecated methods such as [[""utcnow""|""relative:///horde/classes/base/user.py:852:29:852:45""]] should not be used.","/horde/classes/base/user.py","852","29","852","45"
,"Deprecated methods are dangerous and can cause silent failures or unexpected behaviour.","warning","Deprecated methods such as [[""utcnow""|""relative:///horde/classes/base/user.py:929:43:929:59""]] should not be used.","/horde/classes/base/user.py","929","43","929","59"
,"Deprecated methods are dangerous and can cause silent failures or unexpected behaviour.","warning","Deprecated methods such as [[""utcnow""|""relative:///horde/classes/base/user.py:943:43:943:59""]] should not be used.","/horde/classes/base/user.py","943","43","943","59"
,"Deprecated methods are dangerous and can cause silent failures or unexpected behaviour.","warning","Deprecated methods such as [[""utcnow""|""relative:///horde/classes/base/user.py:959:39:959:55""]] should not be used.","/horde/classes/base/user.py","959","39","959","55"
,"Deprecated methods are dangerous and can cause silent failures or unexpected behaviour.","warning","Deprecated methods such as [[""utcnow""|""relative:///horde/classes/base/user.py:973:39:973:55""]] should not be used.","/horde/classes/base/user.py","973","39","973","55"
,"Deprecated methods are dangerous and can cause silent failures or unexpected behaviour.","warning","Deprecated methods such as [[""utcnow""|""relative:///horde/utils.py:93:12:93:28""]] should not be used.","/horde/utils.py","93","12","93","28"
,"Deprecated methods are dangerous and can cause silent failures or unexpected behaviour.","warning","Deprecated methods such as [[""utcnow""|""relative:///horde/utils.py:97:12:97:28""]] should not be used.","/horde/utils.py","97","12","97","28"
,"Deprecated methods are dangerous and can cause silent failures or unexpected behaviour.","warning","Deprecated methods such as [[""utcnow""|""relative:///horde/classes/base/waiting_prompt.py:459:12:459:28""]] should not be used.","/horde/classes/base/waiting_prompt.py","459","12","459","28"
,"Deprecated methods are dangerous and can cause silent failures or unexpected behaviour.","warning","Deprecated methods such as [[""utcnow""|""relative:///horde/classes/base/worker.py:262:13:262:29""]] should not be used.","/horde/classes/base/worker.py","262","13","262","29"
,"Deprecated methods are dangerous and can cause silent failures or unexpected behaviour.","warning","Deprecated methods such as [[""utcnow""|""relative:///horde/classes/base/worker.py:275:29:275:45""]] should not be used.","/horde/classes/base/worker.py","275","29","275","45"
,"Deprecated methods are dangerous and can cause silent failures or unexpected behaviour.","warning","Deprecated methods such as [[""utcnow""|""relative:///horde/classes/base/worker.py:291:30:291:46""]] should not be used.","/horde/classes/base/worker.py","291","30","291","46"
,"Deprecated methods are dangerous and can cause silent failures or unexpected behaviour.","warning","Deprecated methods such as [[""utcnow""|""relative:///horde/classes/base/worker.py:363:13:363:29""]] should not be used.","/horde/classes/base/worker.py","363","13","363","29"
,"Deprecated methods are dangerous and can cause silent failures or unexpected behaviour.","warning","Deprecated methods such as [[""utcnow""|""relative:///horde/classes/base/worker.py:365:37:365:53""]] should not be used.","/horde/classes/base/worker.py","365","37","365","53"
,"Deprecated methods are dangerous and can cause silent failures or unexpected behaviour.","warning","Deprecated methods such as [[""utcnow""|""relative:///horde/classes/base/worker.py:401:17:401:33""]] should not be used.","/horde/classes/base/worker.py","401","17","401","33"
